offset, x, y
2737, 0, 1
5875, 1, 0
395, 0, 1
8580, 0, 1
12281, 1, 0
4706, 1, 0
2913, 1, 0
1989, 1, 0
1869, 1, 0
1500, 1, 0
1513, 0, -1
82, 1, 0
1271, 1, 0
638, 0, -1
604, 1, 0
1020, 1, -1
1339, 1, 0
124, 0, -1
875, 1, 0
376, 0, -1
511, 1, 0
659, 0, -1
355, 1, 0
723, 0, -1
124, 1, 0
892, 1, -1
841, 1, 0
125, 0, -1
775, 1, -1
761, 1, 0
91, 0, -1
780, 1, 0
96, 0, -1
624, 1, -1
782, 0, -1
93, 1, 0
661, 0, -1
89, 1, 0
499, 0, -1
251, 1, 0
532, 0, -1
217, 1, 0
251, 0, -1
532, 1, 0
217, 0, -1
536, 1, -1
589, 1, -1
658, 0, -1
93, 1, 0
530, 0, -1
219, 1, 0
250, 0, -1
376, 1, 0
125, 0, -1
535, 1, -1
621, 0, -1
94, 1, 0
408, 0, -1
217, 1, 0
249, 0, -1
534, 1, -1
593, 0, -1
124, 1, 0
249, 0, -1
251, 1, 0
403, 0, -1
97, 1, 0
249, 0, -1
535, 1, -1
496, 0, -1
95, 1, 0
528, 0, -1
221, 1, 0
126, 0, -1
533, 1, -1
469, 0, -1
124, 1, 0
374, 0, -1
386, 1, -1
524, 0, -1
90, 1, 0
408, 0, -1
429, 1, 0
38, 0, -1
542, 0, -1
84, 1, 0
296, 0, -1
453, 1, -1
548, 0, -1
77, 1, 0
249, 0, -1
545, 0, -1
82, 1, 0
422, 0, -1
327, 1, -1
547, 0, -1
327, 1, 0
126, 0, -1
421, 0, -1
328, 1, 0
250, 0, -1
422, 0, -1
79, 1, 0
249, 0, -1
625, 0, -1
126, 1, 0
406, 0, -1
344, 0, -1
124, 1, 0
377, 0, -1
551, 0, -1
196, 1, 0
280, 0, -1
501, 0, -1
234, 1, 0
234, 0, -1
375, 0, -1
655, 0, -1
98, 1, 0
374, 0, -1
535, 0, -1
468, 0, -1
121, 1, 0
689, 0, -1
312, 0, -1
539, 0, -1
337, 1, 0
125, 0, -1
538, 0, -1
711, 0, -1
562, 0, -1
610, 0, -1
637, 0, -1
658, 0, -1
661, 0, -1
824, 0, -1
601, 0, -1
823, 0, -1
815, 0, -1
725, 0, -1
460, -1, 0
414, 0, -1
1003, -1, -1
707, 0, -1
510, -1, 0
617, 0, -1
539, -1, 0
750, 0, -1
335, -1, 0
625, 0, -1
125, -1, 0
875, 0, -1
125, -1, 0
874, -1, 0
376, 0, -1
414, -1, 0
627, 0, -1
85, -1, 0
624, -1, 0
501, 0, -1
125, -1, 0
665, -1, 0
476, -1, -1
774, -1, 0
486, -1, -1
536, -1, 0
312, -1, 0
375, 0, -1
252, -1, 0
497, -1, 0
448, -1, 0
82, 0, -1
392, -1, 0
533, -1, 0
348, -1, 0
74, 0, -1
378, -1, 0
423, -1, 0
323, -1, 0
250, -1, -1
549, -1, 0
326, -1, 0
384, -1, 0
264, -1, 0
103, 0, -1
250, -1, 0
374, -1, 0
249, -1, 0
413, -1, 0
337, -1, 0
127, 0, -1
248, -1, 0
250, -1, 0
375, -1, 0
250, -1, 0
413, -1, 0
212, -1, 0
251, -1, -1
249, -1, 0
414, -1, 0
211, -1, 0
414, -1, 0
211, -1, 0
250, -1, 0
251, -1, 0
249, -1, 0
413, -1, 0
212, -1, 0
126, 0, -1
125, -1, 0
249, -1, 0
250, -1, 0
250, -1, 0
250, -1, 0
250, -1, 0
250, -1, 0
250, -1, 0
250, -1, 0
254, -1, 0
250, -1, 0
249, -1, 0
250, -1, 0
125, -1, 0
250, -1, 0
250, -1, 0
251, -1, 0
248, -1, 0
126, -1, 0
249, -1, 0
250, -1, 0
127, -1, 0
249, -1, 0
249, -1, 0
250, -1, 0
251, -1, 0
125, -1, 0
250, -1, 0
125, -1, 0
249, -1, 0
251, -1, 0
125, -1, 0
250, -1, 0
125, -1, 0
249, -1, 0
251, -1, 0
125, -1, 0
250, -1, 0
248, -1, 0
127, -1, 0
250, -1, 0
249, -1, 0
126, -1, 0
262, -1, 0
118, -1, 0
148, -1, 0
221, -1, 0
251, -1, 0
125, -1, 0
250, -1, 0
125, -1, 0
249, -1, 0
126, -1, 0
125, -1, 0
249, -1, 0
126, 0, 1
124, -1, 0
126, -1, 0
124, -1, 0
250, -1, 0
126, -1, 0
249, -1, 0
126, -1, 0
125, -1, 0
249, -1, 0
250, -1, 0
126, -1, 0
125, -1, 0
126, 0, 1
125, -1, 0
124, -1, 0
125, -1, 0
249, -1, 0
126, -1, 0
125, -1, 0
250, -1, 0
125, -1, 0
249, -1, 1
125, -1, 0
126, -1, 0
124, -1, 0
250, -1, 0
126, -1, 0
124, -1, 0
250, -1, 0
126, -1, 0
133, -1, 0
116, 0, 1
127, -1, 0
124, -1, 0
249, -1, 0
125, -1, 0
126, -1, 0
249, -1, 0
126, -1, 1
124, -1, 0
125, -1, 0
250, -1, 0
125, -1, 0
126, -1, 0
249, -1, 0
125, -1, 0
125, -1, 1
125, -1, 0
250, -1, 0
125, -1, 0
125, -1, 0
249, -1, 0
127, -1, 1
125, -1, 0
125, -1, 0
125, -1, 0
249, -1, 0
127, -1, 0
123, -1, 0
249, -1, 1
126, -1, 0
126, -1, 0
124, -1, 0
125, -1, 0
249, -1, 0
126, -1, 0
125, -1, 1
250, -1, 0
125, -1, 0
125, -1, 0
126, -1, 0
249, -1, 0
125, -1, 1
125, -1, 0
127, -1, 0
123, -1, 0
250, -1, 0
126, -1, 0
125, -1, 1
124, -1, 0
125, -1, 0
250, -1, 0
125, -1, 0
126, -1, 0
124, -1, 0
127, 0, 1
122, -1, 0
125, -1, 0
124, -1, 0
126, -1, 0
124, -1, 0
249, -1, 1
132, -1, 0
126, -1, 0
118, -1, 0
260, -1, 0
115, -1, 0
126, -1, 1
124, -1, 0
249, -1, 0
126, -1, 0
125, -1, 0
125, -1, 0
125, -1, 1
249, -1, 0
128, -1, 0
124, -1, 0
125, -1, 0
248, -1, 1
127, -1, 0
127, -1, 0
122, -1, 0
250, -2, 0
125, 0, 1
125, -1, 0
125, -1, 0
250, -1, 0
125, -1, 0
125, -1, 0
125, -1, 1
250, -2, 0
250, -1, 0
126, -1, 0
249, -1, 0
125, -1, 1
125, -1, 0
250, -1, 0
125, -1, 0
126, -1, 0
124, -1, 1
125, -1, 0
249, -1, 0
126, -1, 0
125, -1, 0
250, -1, 1
125, -1, 0
125, -1, 0
125, -1, 0
250, -1, 0
125, -1, 0
126, -1, 1
126, -1, 0
247, -1, 0
126, -1, 0
125, -1, 0
250, -1, 1
125, -1, 0
126, -1, 0
249, -1, 0
125, -1, 0
125, -1, 0
125, 0, 1
125, -1, 0
125, -1, 0
250, -1, 0
125, -1, 0
125, -1, 1
249, -1, 0
126, -1, 0
125, -1, 0
250, -1, 0
125, -1, 0
125, -1, 1
250, -1, 0
249, -1, 0
127, -1, 0
124, -1, 0
125, 0, 1
125, -1, 0
125, -1, 0
126, -1, 0
249, -1, 0
126, -1, 0
249, -1, 1
125, -1, 0
249, -1, 0
250, -1, 0
127, -1, 0
249, -1, 1
125, -1, 0
249, -1, 0
126, -1, 0
250, -1, 0
125, 0, 1
125, -1, 0
125, -1, 0
249, -1, 0
126, -1, 0
250, -1, 0
125, 0, 1
125, -1, 0
125, -1, 0
249, -1, 0
258, -1, 0
126, -1, 1
262, -1, 0
228, -1, 0
252, -1, 0
250, -1, 0
125, -1, 0
249, 0, 1
126, -1, 0
125, -1, 0
249, -1, 0
250, -1, 0
252, -1, 0
250, -1, 1
248, -1, 0
250, -1, 0
250, -1, 0
250, -1, 0
250, -1, 0
127, 0, 1
124, -1, 0
414, -1, 0
210, -1, 0
251, -1, 0
376, -1, 1
250, -1, 0
375, -1, 0
412, -1, 0
336, -1, 0
251, -1, 0
376, -1, 1
374, -1, 0
412, -1, 0
504, -1, 0
334, -1, 0
374, 0, 1
126, -1, 0
539, -1, 0
627, -1, 0
623, -1, 0
335, 0, 1
417, -1, 0
873, -1, 0
1752, -1, 0
4899, 1, 0
1362, 1, 0
863, 1, 0
748, 1, 0
338, 0, 1
260, 1, 0
627, 1, 0
489, 1, 0
372, 1, 0
626, 1, 0
374, 1, 0
377, 1, 0
499, 1, 0
375, 1, 0
376, 1, 0
374, 1, 0
249, 1, 0
251, 0, 1
125, 1, 0
249, 1, 0
375, 1, 0
251, 1, 0
375, 1, 0
267, 1, 0
233, 1, 0
250, 1, 0
249, 1, 0
252, 1, 0
249, 1, 0
250, 1, 0
249, 1, 0
251, 1, 0
250, 1, 0
249, 1, 0
126, 1, 0
249, 1, 0
250, 1, 0
250, 1, 0
256, 1, 0
123, 1, 1
248, 1, 0
250, 1, 0
124, 1, 0
249, 1, 0
126, 1, 0
249, 1, 0
251, 1, 0
125, 1, 0
125, 1, 0
249, 1, 0
252, 1, 0
124, 1, 0
125, 1, 0
249, 1, 0
125, 1, 0
125, 1, 0
250, 1, 0
126, 1, 0
125, 1, 0
250, 1, 0
125, 1, 0
125, 1, 0
249, 1, 0
125, 1, 0
126, 1, 0
249, 1, 0
125, 1, 0
125, 1, 0
125, 1, 0
250, 1, 0
126, 1, 0
124, 1, 0
125, 1, 0
126, 1, 0
249, 1, 0
140, 1, 0
110, 1, 0
126, 1, 0
124, 1, 0
125, 1, 0
126, 1, 0
249, 1, 0
126, 1, 0
125, 1, 0
125, 1, 0
124, 1, 0
125, 1, 0
125, 1, 0
250, 2, 0
126, 1, 0
249, 1, 0
159, 1, 0
117, 1, 0
99, 1, 0
124, 1, 0
125, 1, 0
125, 1, 0
126, 1, 0
126, 1, 0
123, 1, 0
125, 1, -1
125, 1, 0
125, 1, 0
125, 1, 0
125, 1, 0
125, 1, 0
126, 1, 0
124, 1, 0
125, 1, 0
125, 1, 0
125, 1, 0
125, 1, 0
145, 1, 0
105, 1, 0
126, 1, 0
124, 1, 0
125, 1, 0
125, 1, 0
125, 2, 0
250, 2, -1
126, 1, 0
134, 1, 0
118, 1, 0
123, 1, 0
124, 1, 0
126, 1, 0
124, 1, 0
125, 1, 0
124, 1, 0
126, 2, 0
124, 1, 0
126, 1, 0
125, 1, 0
125, 1, -1
125, 1, 0
125, 1, 0
124, 1, 0
126, 1, 0
125, 2, 0
124, 1, 0
125, 1, 0
125, 1, 0
125, 1, 0
145, 1, 0
105, 2, 0
126, 1, 0
125, 1, -1
124, 1, 0
125, 2, 0
250, 2, 0
125, 1, 0
153, 1, 0
125, 1, 0
126, 2, 0
246, 2, 0
124, 1, 0
134, 1, -1
114, 1, 0
114, 2, 0
116, 1, 0
123, 1, 0
125, 1, 0
125, 2, 0
125, 1, 0
125, 1, 0
125, 1, 0
126, 2, -1
125, 1, 0
125, 1, 0
124, 1, 0
125, 1, 0
125, 2, 0
125, 1, 0
125, 1, 0
125, 1, 0
126, 2, -1
124, 1, 0
125, 2, 0
125, 1, 0
125, 1, 0
125, 1, 0
126, 2, 0
124, 1, 0
126, 1, -1
124, 2, 0
125, 1, 0
126, 1, 0
127, 2, 0
240, 1, 0
21, 1, 0
112, 1, 0
125, 2, 0
125, 1, 0
126, 2, -1
125, 1, 0
125, 1, 0
125, 1, 0
125, 2, 0
125, 1, 0
126, 2, 0
124, 1, 0
125, 2, 0
125, 1, -1
125, 1, 0
125, 1, 0
125, 2, 0
125, 1, 0
126, 2, 0
124, 1, 0
125, 1, 0
125, 2, -1
125, 1, 0
125, 2, 0
125, 1, 0
125, 1, 0
126, 1, 0
124, 2, 0
125, 1, 0
125, 2, -1
125, 1, 0
125, 1, 0
125, 2, 0
125, 1, 0
126, 1, 0
124, 2, -1
125, 1, 0
125, 2, 0
125, 1, 0
125, 2, 0
125, 1, 0
125, 2, 0
125, 1, 0
125, 1, 0
125, 2, -1
125, 1, 0
125, 1, 0
125, 2, 0
125, 1, 0
125, 2, 0
126, 1, 0
124, 2, 0
125, 1, -1
125, 2, 0
125, 1, 0
125, 2, 0
125, 1, 0
125, 2, 0
126, 1, 0
124, 1, -1
125, 2, 0
125, 1, 0
125, 2, 0
125, 1, 0
125, 2, 0
125, 1, 0
126, 2, -1
124, 1, 0
125, 2, 0
125, 1, 0
125, 2, 0
125, 1, 0
125, 1, 0
125, 2, -1
126, 1, 0
124, 2, 0
125, 1, 0
125, 2, 0
125, 1, 0
125, 1, 0
125, 2, -1
125, 1, 0
126, 2, 0
124, 1, 0
125, 2, 0
125, 1, 0
125, 2, -1
125, 1, 0
125, 2, 0
125, 1, 0
125, 2, 0
126, 1, -1
125, 2, 0
125, 1, 0
124, 2, 0
132, 1, 0
127, 2, 0
115, 1, 0
127, 2, -1
123, 1, 0
153, 1, 0
98, 2, 0
125, 1, 0
125, 2, 0
125, 1, -1
125, 2, 0
126, 1, 0
124, 2, 0
125, 1, 0
125, 2, 0
125, 1, -1
125, 2, 0
125, 1, 0
125, 2, 0
126, 1, 0
124, 2, -1
125, 1, 0
125, 2, 0
125, 1, 0
125, 2, 0
125, 1, 0
125, 2, -1
125, 1, 0
125, 2, 0
125, 1, 0
125, 2, 0
125, 1, -1
125, 2, 0
125, 1, 0
125, 2, 0
125, 1, 0
125, 2, -1
125, 1, 0
125, 2, 0
125, 1, 0
125, 1, 0
125, 2, 0
125, 1, -1
126, 2, 0
124, 1, 0
125, 2, 0
125, 1, 0
125, 2, -1
125, 1, 0
125, 2, 0
125, 1, 0
125, 2, 0
125, 1, -1
125, 2, 0
125, 1, 0
125, 2, 0
124, 1, 0
149, 1, -1
122, 2, 0
104, 1, 0
124, 1, 0
125, 2, 0
125, 1, -1
125, 2, 0
125, 1, 0
125, 2, 0
125, 1, 0
126, 2, -1
124, 1, 0
125, 2, 0
125, 1, 0
125, 2, -1
126, 1, 0
124, 2, 0
125, 1, 0
126, 1, 0
124, 1, -1
125, 2, 0
125, 1, 0
125, 1, 0
125, 2, 0
126, 1, -1
124, 2, 0
126, 1, 0
124, 2, 0
126, 1, 0
124, 1, -1
125, 2, 0
125, 1, 0
125, 1, 0
125, 2, -1
126, 1, 0
124, 2, 0
125, 1, 0
125, 2, 0
125, 0, -1
125, 2, 0
126, 1, 0
124, 2, 0
126, 1, 0
124, 2, -1
130, 1, 0
121, 1, 0
124, 1, 0
125, 2, 0
127, 1, -1
130, 2, 0
122, 1, 0
125, 1, 0
124, 1, 0
125, 2, -1
126, 1, 0
125, 1, 0
127, 1, 0
124, 2, -1
153, 1, 0
93, 1, 0
125, 1, 0
126, 1, 0
125, 2, -1
125, 1, 0
124, 1, 0
126, 1, 0
126, 2, -1
131, 1, 0
117, 1, 0
126, 1, 0
125, 2, 0
125, 1, -1
125, 1, 0
124, 1, 0
127, 2, 0
911, 8, -2
118, 1, 0
116, 1, 0
105, 1, 0
124, 1, 0
126, 1, -1
125, 1, 0
125, 1, 0
125, 2, 0
125, 1, 0
125, 1, 0
124, 1, -1
125, 1, 0
126, 1, 0
126, 1, 0
125, 1, -1
123, 1, 0
127, 1, 0
124, 1, 0
125, 1, 0
142, 1, -1
118, 1, 0
183, 1, 0
58, 1, 0
124, 2, 0
249, 2, -1
252, 2, 0
249, 2, 0
249, 2, -1
250, 1, 0
125, 1, 0
125, 1, 0
126, 1, 0
124, 1, -1
126, 1, 0
125, 1, 0
126, 1, 0
124, 1, 0
126, 1, -1
124, 1, 0
249, 1, 0
126, 1, 0
125, 1, 0
126, 1, 0
124, 1, -1
125, 1, 0
125, 1, 0
251, 1, 0
124, 1, 0
125, 1, 0
126, 1, -1
249, 1, 0
125, 1, 0
125, 1, 0
250, 1, -1
125, 1, 0
126, 1, 0
124, 1, 0
249, 1, 0
126, 1, 0
250, 1, -1
125, 1, 0
126, 1, 0
249, 1, 0
125, 1, 0
125, 1, 0
125, 0, -1
125, 1, 0
251, 1, 0
124, 1, 0
250, 1, 0
125, 1, 0
250, 1, -1
251, 1, 0
249, 1, 0
125, 1, 0
250, 1, 0
250, 1, -1
250, 1, 0
249, 1, 0
250, 1, 0
126, 1, 0
375, 1, -1
250, 1, 0
249, 1, 0
250, 1, 0
250, 1, 0
250, 1, 0
377, 1, -1
374, 1, 0
250, 1, 0
375, 1, 0
508, 1, -1
367, 1, 0
375, 1, 0
625, 1, 0
625, 1, 0
375, 0, -1
250, 1, 0
1252, 1, 0
5754, -1, 0
242, 0, -1
1000, -1, 0
1002, -1, 0
875, -1, 0
749, -1, 0
750, -1, 0
625, -1, -1
500, -1, 0
626, -1, 0
509, -1, 0
491, -1, 0
375, -1, 0
500, -1, 0
499, -1, 0
250, -1, 0
375, -1, 0
502, -1, 0
250, -1, 0
374, -1, 0
411, -1, 0
212, -1, 0
249, -1, 0
410, -1, 0
215, -1, 0
250, -1, 0
250, -1, 0
250, -1, 0
250, -1, 0
375, -1, 0
125, -1, 0
250, -1, 0
250, -1, 0
250, -1, 0
250, -1, 0
250, -1, 0
250, -1, 0
255, -1, 0
122, -1, 0
248, -1, 0
126, -1, 0
249, -1, 0
250, -1, 0
250, -1, 0
126, -1, 0
249, -1, 0
128, -1, 0
248, -1, 0
254, -1, 0
122, -1, 0
125, -1, 0
249, -1, 0
126, -1, 0
124, -1, 0
250, -1, 0
250, -1, 0
126, -1, 1
249, -1, 0
125, -1, 0
125, -1, 0
250, -1, 0
125, -1, 0
125, -1, 0
250, -1, 0
125, -1, 0
125, -1, 0
250, -1, 0
126, -1, 1
124, -1, 0
125, -1, 0
126, -1, 0
249, -1, 0
126, -1, 0
125, -1, 0
124, -1, 0
250, -1, 0
126, -1, 0
124, -1, 0
125, -1, 1
125, -1, 0
125, -1, 0
250, -1, 0
125, -1, 0
126, -1, 0
124, -1, 0
539, -3, 1
88, -1, 0
125, -1, 0
127, -1, 0
123, -1, 0
125, -1, 0
125, -1, 0
125, -1, 0
124, -1, 0
250, -2, 0
126, 0, 1
124, -1, 0
126, -1, 0
125, -1, 0
124, -1, 0
125, -1, 0
126, -1, 0
125, -1, 0
125, -1, 1
126, -1, 0
124, -1, 0
124, -1, 0
126, -1, 0
124, -1, 0
125, -1, 0
125, -1, 0
126, -1, 1
124, -1, 0
127, -1, 0
124, -1, 0
125, -1, 0
125, -1, 0
125, -1, 0
124, -2, 0
126, 0, 1
125, -2, 0
249, -1, 0
126, -1, 0
124, -1, 0
125, -2, 0
125, -1, 1
126, -1, 0
124, -1, 0
126, -1, 0
124, -1, 0
126, -1, 0
124, -1, 0
126, -1, 1
124, -1, 0
126, -2, 0
249, -2, 0
125, -1, 1
125, -1, 0
126, -1, 0
124, -1, 0
125, -1, 0
126, -1, 0
124, -1, 0
125, -2, 1
126, -1, 0
125, -1, 0
124, -1, 0
125, -1, 0
125, -1, 0
126, -2, 1
126, -1, 0
123, -1, 0
125, -1, 0
125, -1, 0
127, -1, 0
124, -2, 1
124, -1, 0
126, -1, 0
127, -1, 0
125, -1, 0
124, -2, 1
124, -1, 0
126, -1, 0
128, -1, 0
131, -2, 0
245, -2, 1
122, -1, 0
123, -2, 0
125, -1, 0
125, -1, 0
126, -1, 1
124, -1, 0
126, -1, 0
125, -2, 0
124, -1, 0
126, -2, 1
125, -1, 0
124, -1, 0
125, -1, 0
125, -2, 1
126, -1, 0
124, -1, 0
126, -1, 0
125, -2, 0
124, -1, 0
126, -1, 1
125, -1, 0
125, -2, 0
126, -1, 0
126, -2, 1
124, -1, 0
125, -1, 0
124, -1, 0
125, -1, 0
126, -2, 1
124, -1, 0
126, -1, 0
123, -2, 0
153, -1, 1
98, -1, 0
126, -2, 0
124, -1, 0
127, -2, 0
123, -1, 1
126, -1, 0
123, -1, 0
126, -2, 0
124, -1, 1
126, -1, 0
124, -2, 0
126, -1, 0
139, -1, 0
123, -2, 1
119, -1, 0
119, -2, 0
124, -1, 0
124, -1, 1
128, -1, 0
123, -2, 0
125, -1, 0
127, -2, 1
124, -1, 0
125, -2, 0
127, -1, 0
124, -1, 1
123, -1, 0
125, -2, 0
124, -1, 0
127, -2, 1
123, -1, 0
126, -1, 0
125, -2, 0
124, -1, 0
126, -2, 1
141, -1, 0
108, -1, 0
126, -2, 0
125, -1, 1
124, -1, 0
125, -2, 0
125, -1, 0
126, -2, 1
125, -1, 0
124, -2, 0
139, -1, 0
115, -2, 1
122, -1, 0
125, -1, 0
124, -1, 0
125, -2, 1
126, -1, 0
124, -2, 0
126, -1, 1
125, -2, 0
125, -1, 0
124, -2, 0
126, -1, 1
125, -2, 0
204, -1, 0
44, -2, 0
127, -1, 1
125, -1, 0
168, -2, 0
93, -1, 0
113, -2, 1
124, -1, 0
125, -2, 0
125, -1, 1
126, -1, 0
124, -2, 0
127, -1, 0
124, -1, 0
126, -2, 1
124, -1, 0
125, -2, 0
125, -1, 1
125, -2, 0
126, -1, 0
123, -2, 1
126, -1, 0
124, -2, 0
125, -1, 0
125, -2, 1
125, -1, 0
127, -2, 0
123, -1, 0
127, -2, 1
123, -1, 0
126, -2, 0
125, -1, 1
125, -1, 0
124, -2, 0
127, -2, 0
124, -1, 1
124, -2, 0
126, -1, 0
125, -1, 1
124, -2, 0
125, -2, 0
124, -1, 0
127, -1, 1
124, -2, 0
125, -1, 0
125, -2, 1
125, -1, 0
125, -1, 0
125, -2, 0
125, -1, 1
125, -2, 0
125, -1, 0
125, -2, 0
125, -1, 1
127, -2, 0
123, -1, 0
126, -1, 0
124, -2, 1
125, -1, 0
125, -2, 0
125, -1, 1
124, -2, 0
125, -1, 0
127, -2, 1
124, -1, 0
125, -2, 0
128, -1, 0
122, -2, 1
125, -1, 0
125, -2, 0
125, -1, 1
125, -2, 0
125, -1, 0
125, -2, 1
125, -1, 0
124, -2, 0
126, -1, 0
125, -2, 1
124, -1, 0
126, -1, 0
125, -2, 1
125, -1, 0
125, -2, 0
125, -1, 0
125, -2, 1
125, -1, 0
149, -2, 0
142, -1, 0
126, -1, 1
126, -2, 0
125, -1, 0
126, -2, 1
102, -1, 0
127, -2, 0
102, -2, 0
126, -1, 1
125, -1, 0
124, -1, 0
126, -2, 1
123, -1, 0
126, -2, 0
126, -1, 0
249, -2, 1
250, -1, 0
126, -5, 1
125, -1, 0
125, -2, 1
125, -1, 0
125, -2, 0
125, -1, 1
125, -1, 0
125, -2, 0
126, -1, 1
124, -2, 0
125, -1, 0
125, -1, 0
126, -2, 1
126, -1, 0
124, -1, 0
124, -2, 1
126, -1, 0
124, -2, 0
125, -1, 0
125, -2, 1
125, -1, 0
125, -2, 0
125, -1, 1
125, -1, 0
126, -2, 0
124, -1, 0
125, -1, 1
125, -2, 0
125, -1, 0
125, -2, 1
125, -1, 0
125, -2, 0
126, -1, 0
124, -1, 1
125, -1, 0
131, -2, 0
121, -1, 1
124, -2, 0
125, -1, 0
124, -2, 0
127, -1, 1
124, -1, 0
124, -2, 0
125, -1, 1
125, -1, 0
124, -2, 0
126, -1, 0
125, -2, 1
126, -1, 0
124, -1, 0
125, -1, 0
125, -1, 1
125, -2, 0
125, -1, 0
126, -2, 0
124, -1, 1
126, -1, 0
124, -1, 0
125, -2, 1
125, -1, 0
125, -2, 0
125, -1, 0
125, -1, 1
125, -1, 0
126, -2, 0
124, -1, 0
126, -1, 1
125, -2, 0
124, -1, 0
125, -1, 1
126, -2, 0
124, -1, 0
126, -1, 0
124, -1, 0
125, -2, 1
125, -1, 0
125, -1, 1
125, -1, 0
125, -2, 0
125, -1, 0
126, -1, 1
124, -1, 0
125, -2, 0
125, -1, 0
125, -1, 1
125, -1, 0
125, -1, 0
125, -2, 0
126, -1, 1
124, -1, 0
125, -1, 0
125, -2, 0
125, -1, 0
126, -1, 1
124, -1, 0
125, -2, 0
126, 0, 1
124, -2, 0
125, -1, 0
125, -1, 0
125, -1, 1
125, -2, 0
125, -1, 0
125, -1, 0
126, -1, 0
124, -1, 1
125, -1, 0
125, -2, 0
249, -2, 1
126, -1, 0
125, -1, 0
126, -1, 0
124, -1, 1
125, -1, 0
134, -2, 0
248, -2, 0
119, -1, 1
125, -1, 0
126, -1, 0
123, -1, 0
125, -1, 0
125, -1, 1
125, -1, 0
125, -1, 0
125, -1, 0
125, -1, 0
126, -2, 1
248, -2, 0
250, -2, 1
126, -1, 0
125, -1, 0
125, -1, 0
126, -1, 0
124, -1, 0
125, -1, 1
125, -1, 0
125, -1, 0
125, -1, 0
125, -1, 0
125, -1, 1
126, -1, 0
124, -1, 0
126, -1, 0
124, -1, 0
132, -1, 1
161, -1, 0
109, -1, 0
223, -2, 0
248, -1, 1
125, -1, 0
125, -1, 0
126, -1, 0
125, -1, 0
125, -1, 0
126, -1, 1
124, -1, 0
249, -1, 0
126, -1, 0
125, -1, 0
125, -1, 0
125, -1, 1
125, -1, 0
124, -1, 0
250, -1, 0
126, -1, 0
126, -1, 1
124, -1, 0
250, -1, 0
124, -1, 0
125, -1, 0
126, -1, 0
125, -1, 1
125, -1, 0
249, -1, 0
126, -1, 0
124, -1, 0
250, -1, 1
126, -1, 0
124, -1, 0
250, -1, 0
126, -1, 0
125, -1, 0
249, -1, 0
126, -1, 1
249, -1, 0
126, -1, 0
249, -1, 0
126, -1, 0
249, -1, 0
125, -1, 1
250, -1, 0
126, -1, 0
249, -1, 0
250, -1, 0
125, -1, 0
250, -1, 1
251, -1, 0
125, -1, 0
249, -1, 0
250, -1, 0
251, -1, 0
249, -1, 0
250, -1, 0
126, 0, 1
125, -1, 0
250, -1, 0
249, -1, 0
250, -1, 0
412, -1, 0
213, -1, 0
376, -1, 0
394, -1, 0
263, -1, 0
423, -1, 0
46, 0, 1
417, -1, 0
332, -1, 0
417, -1, 0
497, -1, 0
502, -1, 0
594, -1, 0
866, -1, 0
1126, -1, 0
5929, 1, 0
1115, 1, 0
873, 1, 0
708, 1, 0
500, 1, 0
663, 1, 0
338, 0, -1
124, 1, 0
536, 1, 0
471, 1, 0
367, 1, 0
375, 1, 0
410, 1, 0
376, 1, 0
397, 1, 0
192, 1, 0
374, 1, 0
250, 1, -1
411, 1, 0
215, 1, 0
249, 1, 0
250, 1, 0
251, 1, 0
250, 1, 0
125, 0, -1
125, 1, 0
249, 1, 0
251, 1, 0
250, 1, 0
249, 1, 0
126, 1, 0
408, 1, -1
111, 1, 0
230, 1, 0
250, 1, 0
126, 1, 0
249, 1, 0
126, 1, 0
126, 0, -1
124, 1, 0
124, 1, 0
273, 1, 0
226, 1, 0
125, 1, 0
126, 1, -1
248, 1, 0
126, 1, 0
249, 1, 0
126, 1, 0
125, 0, -1
126, 1, 0
124, 1, 0
125, 1, 0
250, 1, 0
126, 1, 0
124, 1, 0
125, 1, 0
126, 1, -1
249, 1, 0
125, 1, 0
125, 1, 0
250, 1, 0
125, 1, -1
131, 1, 0
120, 1, 0
249, 1, 0
126, 1, 0
125, 1, -1
124, 1, 0
126, 1, 0
125, 1, 0
124, 1, 0
250, 2, 0
126, 0, -1
125, 1, 0
125, 1, 0
124, 1, 0
126, 1, 0
124, 1, 0
125, 1, 0
125, 1, -1
125, 1, 0
126, 1, 0
125, 1, 0
124, 1, 0
126, 1, 0
124, 1, -1
125, 1, 0
125, 1, 0
125, 1, 0
125, 1, 0
126, 1, 0
124, 1, 0
126, 1, -1
125, 1, 0
124, 1, 0
125, 1, 0
125, 1, 0
126, 2, 0
125, 1, -1
124, 1, 0
127, 1, 0
123, 1, 0
196, 1, 0
113, 1, 0
126, 1, -1
125, 1, 0
125, 1, 0
97, 1, 0
151, 2, 0
67, 1, 0
125, 1, 0
126, 1, 0
124, 1, -1
125, 1, 0
125, 2, 0
126, 1, 0
125, 1, 0
124, 1, -1
125, 2, 0
125, 1, 0
125, 1, 0
125, 1, 0
125, 1, 0
125, 2, -1
126, 1, 0
125, 1, 0
124, 2, 0
125, 1, 0
125, 1, 0
125, 1, 0
125, 2, -1
125, 1, 0
126, 1, 0
136, 1, 0
113, 2, 0
125, 1, 0
125, 1, -1
127, 2, 0
125, 1, 0
124, 1, 0
126, 1, 0
124, 2, 0
125, 1, -1
124, 2, 0
126, 1, 0
125, 2, 0
125, 1, 0
125, 1, 0
126, 1, -1
124, 2, 0
125, 1, 0
125, 2, 0
126, 1, 0
124, 2, 0
126, 1, -1
124, 2, 0
126, 1, 0
125, 2, 0
124, 1, 0
125, 2, 0
126, 1, -1
125, 1, 0
124, 2, 0
125, 1, 0
126, 2, 0
124, 1, 0
125, 2, -1
125, 1, 0
126, 2, 0
125, 1, 0
124, 2, 0
125, 1, 0
126, 2, -1
124, 2, 0
125, 1, 0
125, 1, 0
125, 2, 0
125, 1, -1
125, 2, 0
126, 1, 0
126, 2, 0
124, 1, 0
124, 2, 0
125, 2, -1
125, 1, 0
125, 2, 0
125, 2, 0
125, 1, 0
126, 2, 0
124, 1, -1
126, 2, 0
124, 1, 0
126, 2, 0
124, 2, 0
125, 2, 0
125, 1, -1
127, 2, 0
123, 1, 0
125, 2, 0
126, 2, 0
124, 2, -1
125, 1, 0
125, 2, 0
125, 1, 0
126, 2, 0
124, 2, -1
125, 2, 0
126, 1, 0
125, 2, 0
124, 2, 0
125, 2, 0
125, 1, -1
126, 2, 0
124, 2, 0
126, 1, 0
125, 2, 0
125, 1, 0
125, 2, -1
125, 2, 0
124, 2, 0
126, 1, 0
124, 2, -1
126, 2, 0
125, 2, 0
124, 1, 0
126, 2, 0
125, 2, 0
126, 2, -1
125, 1, 0
123, 2, 0
126, 2, 0
125, 2, 0
125, 2, -1
125, 2, 0
125, 1, 0
142, 2, 0
120, 2, 0
123, 2, -1
203, 2, 0
47, 2, 0
114, 1, 0
126, 2, -1
124, 2, 0
125, 2, 0
126, 2, 0
125, 2, 0
125, 1, -1
124, 2, 0
125, 2, 0
125, 1, 0
125, 3, 0
125, 1, -1
126, 3, 0
125, 1, 0
124, 2, 0
125, 2, 0
125, 2, -1
125, 2, 0
125, 2, 0
125, 1, 0
126, 3, 0
124, 1, -1
126, 2, 0
124, 2, 0
125, 2, 0
125, 2, -1
125, 2, 0
125, 1, 0
126, 3, 0
124, 1, -1
125, 3, 0
125, 1, 0
125, 2, 0
125, 2, 0
125, 2, -1
125, 2, 0
126, 2, 0
124, 2, 0
125, 2, -1
125, 2, 0
125, 2, 0
125, 1, 0
126, 3, 0
124, 1, 0
126, 3, -1
124, 1, 0
125, 3, 0
125, 1, 0
125, 2, 0
125, 2, -1
125, 2, 0
125, 2, 0
126, 2, 0
124, 2, -1
125, 1, 0
129, 3, 0
121, 1, 0
125, 3, 0
125, 1, -1
125, 3, 0
126, 1, 0
124, 3, 0
125, 1, 0
125, 3, -1
125, 1, 0
125, 3, 0
125, 1, 0
125, 3, 0
126, 1, -1
124, 3, 0
125, 1, 0
125, 3, 0
125, 1, 0
125, 3, -1
125, 1, 0
125, 3, 0
126, 1, 0
124, 3, -1
125, 1, 0
125, 3, 0
125, 1, 0
125, 3, 0
125, 1, -1
125, 2, 0
127, 2, 0
123, 2, 0
125, 2, 0
125, 2, -1
125, 2, 0
125, 2, 0
125, 2, 0
125, 2, 0
125, 3, -1
124, 1, 0
125, 3, 0
127, 1, 0
123, 3, -1
125, 1, 0
127, 3, 0
134, 1, 0
118, 3, -1
123, 1, 0
125, 3, 0
128, 1, 0
145, 3, 0
101, 1, -1
302, 3, 0
202, 1, 0
122, 7, -1
125, 2, 0
125, 2, 0
124, 2, 0
125, 2, 0
126, 2, -1
126, 2, 0
123, 2, 0
125, 2, 0
125, 2, 0
126, 1, -1
124, 3, 0
126, 1, 0
125, 3, 0
126, 1, -1
124, 3, 0
124, 1, 0
126, 3, 0
125, 1, 0
126, 3, -1
133, 1, 0
124, 3, 0
127, 1, 0
115, 3, -1
125, 1, 0
125, 3, 0
125, 2, 0
124, 2, 0
125, 1, -1
125, 3, 0
125, 1, 0
125, 3, 0
125, 1, -1
131, 3, 0
125, 1, 0
120, 3, 0
130, 1, 0
124, 3, -1
124, 1, 0
121, 3, 0
126, 1, 0
125, 3, -1
124, 1, 0
125, 3, 0
125, 1, 0
125, 3, -1
126, 1, 0
124, 2, 0
125, 2, 0
125, 2, 0
125, 2, -1
126, 2, 0
124, 2, 0
125, 2, 0
126, 2, -1
124, 2, 0
125, 2, 0
176, 1, 0
73, 3, -1
127, 1, 0
124, 3, 0
142, 1, 0
136, 2, -1
98, 2, 0
123, 2, 0
125, 2, 0
125, 2, -1
125, 2, 0
125, 2, 0
126, 1, 0
126, 3, -1
123, 1, 0
125, 3, 0
126, 1, 0
125, 2, -1
124, 2, 0
125, 2, 0
125, 2, 0
127, 2, -1
123, 1, 0
125, 3, 0
125, 1, 0
126, 2, -1
124, 2, 0
125, 2, 0
125, 2, 0
126, 2, -1
124, 1, 0
125, 2, 0
125, 2, 0
125, 1, -1
126, 2, 0
125, 2, 0
125, 2, 0
126, 2, -1
124, 2, 0
124, 1, 0
125, 2, 0
126, 2, -1
124, 2, 0
125, 1, 0
125, 3, -1
126, 1, 0
124, 2, 0
126, 1, 0
125, 3, -1
124, 1, 0
125, 2, 0
125, 1, 0
125, 2, -1
126, 2, 0
124, 2, 0
125, 1, 0
125, 2, -1
125, 2, 0
125, 2, 0
125, 1, 0
125, 2, -1
125, 2, 0
124, 2, 0
126, 1, 0
125, 2, -1
125, 1, 0
125, 2, 0
125, 2, -1
125, 2, 0
125, 1, 0
125, 2, -1
124, 1, 0
125, 1, 0
126, 2, 0
125, 1, 0
124, 2, -1
126, 2, 0
126, 1, 0
123, 2, -1
125, 2, 0
126, 1, 0
125, 2, 0
126, 1, -1
124, 2, 0
124, 1, 0
126, 2, 0
129, 1, -1
124, 2, 0
123, 1, 0
125, 2, 0
125, 1, -1
124, 2, 0
126, 1, 0
125, 2, -1
125, 1, 0
154, 2, 0
125, 1, 0
124, 1, -1
113, 1, 0
136, 2, 0
122, 1, 0
120, 2, -1
206, 1, 0
24, 2, 0
125, 1, 0
126, 2, -1
127, 1, 0
124, 1, 0
125, 1, 0
126, 2, 0
124, 1, -1
125, 1, 0
125, 2, 0
126, 1, 0
124, 1, -1
125, 1, 0
125, 2, 0
126, 1, 0
124, 1, 0
125, 1, -1
125, 2, 0
125, 1, 0
125, 1, 0
125, 1, -1
125, 2, 0
126, 1, 0
124, 1, 0
125, 1, -1
126, 2, 0
124, 1, 0
125, 1, 0
125, 1, 0
125, 1, -1
125, 1, 0
125, 1, 0
125, 1, 0
125, 1, 0
125, 2, -1
125, 1, 0
125, 1, 0
126, 1, 0
127, 1, 0
123, 1, -1
124, 1, 0
124, 1, 0
124, 1, 0
126, 1, 0
140, 1, -1
110, 1, 0
126, 1, 0
124, 1, 0
125, 1, 0
125, 0, -1
126, 2, 0
249, 2, 0
251, 1, 0
125, 1, 0
125, 1, -1
124, 1, 0
125, 1, 0
268, 1, 0
107, 1, -1
126, 1, 0
124, 1, 0
125, 1, 0
250, 1, 0
125, 1, 0
125, 1, -1
250, 1, 0
125, 1, 0
125, 1, 0
250, 1, -1
125, 1, 0
250, 1, 0
127, 1, 0
249, 1, 0
125, 1, 0
125, 0, -1
125, 1, 0
249, 1, 0
250, 1, 0
250, 1, 0
126, 0, -1
125, 1, 0
249, 1, 0
250, 1, 0
251, 1, 0
249, 1, 0
126, 0, -1
125, 1, 0
375, 1, 0
375, 1, 0
375, 1, 0
125, 0, -1
374, 1, 0
501, 1, 0
750, 1, 0
258, 0, -1
4688, -1, 0
596, -1, 0
331, 0, -1
375, -1, 0
541, -1, 0
460, -1, 0
373, -1, 0
544, -1, 0
331, -1, 0
420, -1, 0
206, -1, 0
376, -1, -1
446, -1, 0
176, -1, 0
375, -1, 0
250, -1, 0
250, -1, 0
251, -1, 0
249, -1, 0
250, -1, 0
272, -1, 0
229, -1, 0
124, -1, 0
250, -1, 0
251, -1, 0
125, -1, 0
251, -1, 0
248, -1, 0
125, -1, 0
250, -1, 0
126, -1, 0
250, -1, 0
125, -1, 0
249, -1, 0
126, -1, 0
125, -1, 0
249, -1, 0
126, -1, 0
125, -1, 0
250, -1, 0
128, -1, 0
124, -1, 0
248, -1, 0
127, -1, 0
124, -1, 0
125, -1, 0
125, -1, 0
257, -1, 0
142, -1, 0
109, -1, 0
118, -1, 0
124, -1, 0
126, -1, 0
124, -1, 0
249, -2, 0
250, -2, 0
250, -1, 0
126, -1, 0
125, -1, 0
125, -1, 0
125, -1, 0
125, -1, 0
125, -1, 0
126, -1, 0
124, -1, 0
125, -1, 0
125, -1, 0
125, -1, 0
139, -1, 0
140, -1, 0
94, -1, 0
126, -2, 0
249, -2, 0
125, -1, 0
125, -1, 0
126, -1, 0
125, -1, 0
124, -1, 1
161, -2, 0
116, -1, 0
110, -1, 0
115, -1, 0
151, -1, 0
122, -1, 0
101, -2, 0
140, -1, 0
111, -1, 0
160, -1, 1
119, -1, 0
118, -2, 0
114, -1, 0
126, -1, 0
135, -2, 0
137, -1, 0
126, -1, 0
115, -1, 0
120, -2, 1
130, -1, 0
123, -1, 0
139, -1, 0
111, -1, 0
118, -2, 0
138, -1, 0
125, -2, 0
124, -1, 0
125, -1, 1
126, -1, 0
125, -2, 0
124, -1, 0
112, -2, 0
136, -1, 0
125, -2, 0
126, -1, 0
125, -2, 1
111, -1, 0
136, -1, 0
125, -1, 0
126, -2, 0
126, -1, 0
125, -2, 0
141, -1, 1
110, -2, 0
124, -1, 0
123, -2, 0
125, -1, 0
135, -2, 1
126, -1, 0
125, -2, 0
116, -1, 0
124, -2, 0
126, -1, 0
137, -2, 1
105, -2, 0
137, -1, 0
123, -2, 0
124, -2, 1
124, -1, 0
127, -2, 0
125, -1, 0
126, -1, 0
121, -2, 1
129, -2, 0
109, -2, 0
135, -1, 0
126, -2, 0
135, -1, 0
125, -2, 1
123, -2, 0
126, -2, 0
117, -1, 0
124, -2, 1
125, -1, 0
126, -2, 0
128, -2, 0
133, -2, 1
99, -1, 0
125, -2, 0
146, -2, 0
126, -2, 1
126, -1, 0
125, -2, 0
125, -2, 0
123, -2, 0
123, -1, 1
131, -2, 0
117, -2, 0
101, -2, 0
153, -2, 1
124, -2, 0
101, -1, 0
119, -2, 0
125, -2, 1
125, -2, 0
125, -1, 0
126, -3, 0
124, -1, 1
125, -2, 0
133, -2, 0
125, -1, 1
116, -3, 0
125, -1, 0
126, -2, 0
126, -2, 0
124, -2, 1
125, -2, 0
125, -2, 0
125, -1, 1
125, -3, 0
125, -1, 0
125, -3, 1
126, -1, 0
124, -2, 0
125, -2, 0
125, -2, 1
125, -2, 0
125, -2, 0
125, -2, 0
125, -2, 1
126, -2, 0
125, -2, 0
126, -2, 1
123, -2, 0
125, -2, 0
125, -2, 1
125, -2, 0
125, -2, 0
126, -2, 0
124, -2, 1
125, -2, 0
125, -3, 1
125, -1, 0
125, -3, 0
125, -1, 1
125, -2, 0
126, -2, 0
124, -2, 0
125, -3, 1
125, -1, 0
125, -3, 0
125, -1, 1
125, -3, 0
125, -1, 1
126, -3, 0
124, -2, 0
125, -2, 1
125, -2, 0
125, -3, 0
125, -1, 1
125, -3, 0
125, -1, 0
126, -3, 1
124, -2, 0
125, -2, 0
125, -2, 1
125, -3, 0
125, -1, 0
125, -3, 1
125, -2, 0
126, -2, 1
124, -2, 0
125, -3, 0
125, -1, 1
125, -3, 0
125, -2, 0
125, -2, 1
125, -2, 0
126, -3, 1
124, -2, 0
125, -2, 0
125, -2, 1
125, -2, 0
125, -2, 0
125, -2, 1
125, -3, 0
126, -2, 0
124, -2, 1
125, -2, 0
125, -3, 1
125, -2, 0
125, -2, 1
125, -2, 0
125, -3, 0
126, -2, 0
124, -3, 1
125, -1, 0
125, -3, 1
125, -2, 0
125, -3, 1
125, -1, 0
125, -3, 1
126, -2, 0
124, -3, 0
126, -2, 1
123, -2, 0
125, -2, 0
125, -3, 1
134, -2, 0
119, -2, 1
124, -2, 0
125, -3, 1
126, -2, 0
129, -3, 0
178, -1, 1
175, -3, 0
21, -2, 1
120, -3, 0
126, -2, 0
123, -1, 1
126, -3, 0
125, -2, 1
124, -3, 0
126, -2, 0
125, -2, 1
125, -2, 0
125, -3, 1
124, -2, 0
125, -3, 1
125, -2, 0
126, -3, 0
124, -1, 1
125, -3, 0
128, -2, 1
126, -3, 0
122, -2, 1
125, -3, 0
125, -2, 0
126, -2, 1
125, -2, 0
125, -3, 1
132, -2, 0
124, -3, 1
132, -2, 0
111, -2, 1
125, -2, 0
125, -3, 1
126, -2, 0
124, -3, 0
125, -2, 1
126, -3, 0
124, -1, 1
125, -3, 0
125, -2, 0
125, -3, 1
125, -2, 0
126, -3, 1
124, -2, 0
126, -3, 1
124, -2, 0
125, -1, 1
125, -3, 0
125, -2, 0
125, -3, 1
125, -2, 0
125, -3, 1
126, -2, 0
124, -3, 1
125, -2, 0
125, -2, 1
125, -2, 0
126, -3, 1
124, -2, 0
125, -3, 1
127, -2, 0
123, -3, 0
125, -2, 1
125, -2, 0
125, -2, 1
125, -3, 0
125, -2, 1
125, -3, 0
126, -2, 1
124, -3, 0
125, -2, 0
125, -3, 1
125, -1, 0
125, -3, 1
125, -2, 0
125, -3, 1
126, -2, 0
124, -3, 1
125, -2, 0
126, -3, 1
124, -1, 0
125, -3, 0
126, -2, 1
125, -2, 0
125, -3, 1
124, -2, 0
126, -2, 1
124, -2, 0
125, -3, 0
125, -2, 1
125, -3, 0
125, -2, 1
126, -3, 0
124, -2, 1
125, -2, 0
125, -2, 0
125, -3, 1
125, -2, 0
126, -3, 1
125, -2, 0
125, -2, 1
124, -2, 0
125, -3, 0
125, -2, 1
125, -3, 0
125, -2, 1
125, -2, 0
125, -2, 0
126, -3, 1
124, -2, 0
125, -3, 1
125, -2, 0
125, -2, 1
125, -2, 0
129, -3, 0
121, -2, 1
126, -3, 0
124, -1, 1
125, -3, 0
125, -2, 0
125, -2, 1
125, -3, 0
125, -2, 1
125, -2, 0
126, -2, 0
124, -3, 1
125, -2, 0
125, -2, 1
125, -2, 0
125, -3, 0
125, -2, 1
125, -3, 0
126, -1, 1
124, -3, 0
125, -2, 0
125, -3, 1
125, -1, 0
125, -3, 1
125, -2, 0
125, -3, 0
126, -1, 1
124, -3, 0
125, -2, 1
125, -3, 0
125, -2, 0
125, -2, 1
125, -2, 0
125, -3, 1
125, -1, 0
125, -3, 0
125, -2, 1
125, -3, 0
125, -1, 0
125, -3, 1
126, -2, 0
123, -3, 1
127, -1, 0
124, -2, 0
125, -3, 0
125, -1, 1
128, -3, 0
131, -2, 0
124, -2, 1
117, -2, 0
126, -3, 1
124, -1, 0
136, -3, 0
116, -2, 1
145, -2, 0
102, -2, 0
129, -3, 1
135, -2, 0
147, -2, 0
89, -2, 1
125, -2, 0
125, -2, 0
124, -3, 1
125, -1, 0
125, -3, 0
125, -2, 1
126, -2, 0
125, -2, 0
125, -2, 1
125, -2, 0
126, -3, 1
127, -1, 0
125, -3, 0
124, -2, 0
125, -2, 1
123, -2, 0
125, -3, 1
124, -1, 0
125, -2, 0
126, -2, 0
124, -2, 1
125, -2, 0
126, -2, 0
124, -2, 1
125, -2, 0
125, -2, 0
126, -2, 1
124, -2, 0
124, -2, 0
125, -3, 1
126, -1, 0
125, -2, 0
125, -2, 1
125, -3, 0
125, -1, 0
125, -3, 1
125, -1, 0
125, -2, 0
126, -2, 1
124, -2, 0
126, -2, 0
125, -2, 1
124, -2, 0
125, -2, 0
125, -2, 0
125, -2, 1
126, -1, 0
124, -3, 0
125, -1, 1
125, -2, 0
125, -2, 0
125, -2, 0
125, -2, 1
125, -2, 0
126, -1, 0
124, -2, 0
125, -2, 1
125, -1, 0
125, -2, 0
125, -2, 1
126, -2, 0
124, -1, 0
126, -3, 1
124, -1, 0
125, -2, 0
125, -2, 0
125, -2, 1
125, -1, 0
125, -2, 0
125, -2, 0
126, -2, 1
124, -1, 0
126, -2, 0
133, -1, 0
118, -2, 1
125, -2, 0
125, -2, 0
124, -1, 0
126, -2, 1
124, -1, 0
125, -2, 0
125, -1, 0
125, -2, 1
125, -2, 0
125, -2, 0
125, -1, 0
126, -2, 1
125, -1, 0
124, -2, 0
125, -1, 0
125, -2, 0
126, -1, 1
124, -2, 0
125, -1, 0
126, -2, 0
132, -1, 1
117, -2, 0
125, -1, 0
125, -2, 0
127, -1, 0
126, -2, 1
124, -1, 0
126, -1, 0
124, -2, 0
125, -1, 0
125, -2, 1
125, -1, 0
128, -2, 0
142, -1, 0
104, -1, 0
126, -2, 0
124, -1, 1
128, -1, 0
122, -2, 0
125, -1, 0
125, -1, 0
134, -1, 0
116, -2, 1
126, -1, 0
124, -2, 0
133, -1, 0
116, -1, 0
124, -1, 1
126, -2, 0
126, -1, 0
124, -1, 0
127, -1, 0
123, -1, 0
126, -1, 0
124, -2, 0
126, -1, 1
124, -1, 0
125, -1, 0
125, -1, 0
126, -1, 0
124, -1, 0
125, -1, 0
125, -1, 0
125, -2, 0
125, 0, 1
126, -2, 0
249, -2, 0
126, -1, 0
125, -1, 0
249, -2, 0
125, -1, 0
125, -1, 1
250, -2, 0
251, -2, 0
249, -1, 0
125, -1, 0
142, -1, 0
109, -1, 0
125, -1, 0
125, -1, 0
249, -1, 1
125, -1, 0
126, -1, 0
124, -1, 0
129, -1, 0
248, -1, 0
124, -1, 0
126, -1, 0
124, -1, 0
249, -1, 0
126, -1, 0
277, -1, 0
131, -1, 0
219, -1, 0
122, -1, 0
273, -1, 0
227, -1, 0
125, -1, 0
249, -1, 1
250, -1, 0
250, -1, 0
125, -1, 0
250, -1, 0
410, -1, 0
216, -1, 0
249, -1, 0
411, -1, 0
214, -1, 0
414, -1, 0
336, -1, 0
411, -1, 0
505, -1, 0
624, -1, 0
874, -1, 0
5338, 1, 0
911, 1, 0
722, 1, 0
656, 1, 0
461, 1, 0
568, 1, 0
432, 1, 0
535, 1, 0
340, 1, 0
374, 1, 0
411, 1, 0
340, 1, 0
249, 1, 0
410, 1, 0
216, 1, 0
375, 1, 0
249, 1, 0
250, 1, 0
254, 1, 0
122, 0, -1
128, 1, 0
248, 1, 0
249, 1, 0
254, 1, 0
245, 1, 0
250, 1, 0
126, 1, 0
250, 1, 0
250, 1, 0
125, 1, 0
249, 1, 0
126, 1, 0
250, 1, 0
125, 1, -1
250, 1, 0
125, 1, 0
125, 1, 0
249, 1, 0
127, 1, 0
124, 1, 0
250, 1, 0
125, 1, 0
125, 1, 0
249, 1, 0
126, 1, 0
125, 1, 0
249, 1, -1
127, 1, 0
124, 1, 0
125, 1, 0
125, 1, 0
249, 1, 0
126, 1, 0
126, 1, 0
131, 1, 0
124, 1, 0
278, 1, 0
215, 1, 0
126, 3, -1
249, 2, 0
250, 1, 0
126, 1, 0
125, 2, -1
249, 2, 0
250, 2, 0
126, 1, 0
138, 1, 0
111, 1, 0
126, 1, 0
124, 1, -1
125, 1, 0
125, 1, 0
125, 1, 0
125, 1, 0
125, 2, 0
125, 1, 0
126, 1, 0
124, 1, -1
125, 1, 0
125, 1, 0
125, 1, 0
126, 1, 0
124, 2, 0
125, 1, 0
126, 1, 0
124, 1, 0
125, 2, -1
125, 1, 0
125, 1, 0
125, 1, 0
125, 1, 0
125, 2, 0
126, 1, 0
124, 1, 0
125, 1, -1
125, 2, 0
125, 1, 0
125, 1, 0
125, 1, 0
125, 2, 0
126, 1, -1
124, 2, 0
125, 1, 0
125, 1, 0
125, 1, 0
125, 2, 0
126, 1, 0
126, 2, -1
125, 1, 0
123, 1, 0
125, 1, 0
156, 2, 0
115, 1, 0
107, 2, 0
122, 1, -1
125, 2, 0
125, 1, 0
124, 2, 0
125, 1, 0
125, 1, 0
126, 2, 0
124, 1, -1
125, 2, 0
125, 1, 0
126, 1, 0
124, 2, 0
125, 2, 0
125, 1, -1
125, 2, 0
125, 1, 0
125, 2, 0
126, 1, 0
126, 2, -1
123, 1, 0
126, 2, 0
124, 1, 0
126, 2, 0
124, 1, 0
126, 2, 0
125, 1, -1
125, 2, 0
124, 2, 0
126, 2, 0
124, 1, 0
126, 2, -1
124, 1, 0
125, 2, 0
126, 1, 0
126, 2, 0
124, 1, 0
125, 3, 0
124, 1, -1
125, 2, 0
125, 1, 0
126, 2, -1
125, 2, 0
126, 2, 0
124, 1, 0
127, 2, 0
123, 2, 0
125, 2, 0
126, 1, -1
136, 2, 0
113, 1, 0
125, 2, 0
124, 2, 0
125, 2, -1
135, 2, 0
115, 1, 0
126, 2, 0
125, 1, 0
125, 2, -1
125, 2, 0
124, 2, 0
125, 2, 0
125, 2, 0
125, 1, -1
126, 2, 0
124, 2, 0
125, 2, 0
126, 1, 0
124, 3, -1
152, 1, 0
125, 2, 0
125, 2, 0
124, 2, 0
123, 2, 0
120, 2, -1
139, 1, 0
93, 3, 0
124, 1, 0
125, 2, 0
125, 2, -1
125, 2, 0
143, 2, 0
107, 2, 0
127, 1, 0
123, 3, -1
125, 1, 0
125, 3, 0
125, 1, 0
125, 2, -1
125, 2, 0
125, 2, 0
126, 2, 0
125, 2, -1
124, 2, 0
125, 2, 0
125, 2, 0
126, 2, 0
124, 1, 0
125, 2, -1
148, 3, 0
103, 1, 0
129, 2, 0
121, 2, 0
128, 2, -1
123, 2, 0
125, 3, 0
125, 1, 0
126, 3, -1
124, 1, 0
125, 3, 0
125, 1, 0
125, 3, -1
125, 1, 0
125, 3, 0
125, 1, 0
126, 2, -1
124, 2, 0
125, 3, 0
125, 1, 0
125, 3, -1
125, 1, 0
125, 3, 0
125, 1, 0
126, 3, 0
125, 1, -1
124, 3, 0
125, 2, 0
125, 2, 0
125, 2, 0
125, 2, -1
125, 2, 0
126, 2, 0
124, 2, -1
125, 2, 0
125, 2, 0
125, 3, 0
125, 1, -1
125, 3, 0
125, 1, 0
125, 3, 0
125, 2, -1
125, 1, 0
125, 3, 0
125, 2, 0
125, 2, -1
125, 2, 0
125, 2, 0
125, 2, 0
125, 2, -1
125, 2, 0
125, 3, 0
125, 1, 0
125, 3, -1
125, 1, 0
125, 3, 0
126, 2, 0
124, 2, -1
125, 2, 0
125, 3, 0
125, 1, -1
125, 3, 0
125, 2, 0
125, 2, 0
126, 2, -1
124, 2, 0
125, 2, 0
125, 2, 0
125, 2, -1
125, 3, 0
125, 1, 0
125, 3, -1
126, 2, 0
125, 2, 0
124, 2, 0
125, 3, -1
125, 1, 0
125, 3, 0
125, 1, -1
125, 3, 0
125, 2, 0
125, 1, 0
125, 3, -1
125, 2, 0
125, 2, 0
125, 2, 0
125, 2, -1
125, 2, 0
126, 3, 0
125, 1, -1
124, 3, 0
124, 1, 0
125, 3, -1
125, 2, 0
151, 2, 0
103, 2, 0
127, 2, -1
123, 2, 0
124, 3, 0
125, 1, -1
124, 3, 0
126, 2, 0
147, 2, 0
180, 2, -1
48, 3, 0
133, 1, 0
121, 3, -1
123, 2, 0
123, 2, 0
125, 2, -1
128, 2, 0
121, 2, 0
126, 2, -1
123, 2, 0
125, 3, 0
125, 1, 0
124, 3, -1
153, 1, 0
101, 3, 0
122, 2, -1
126, 1, 0
124, 3, 0
125, 1, 0
125, 3, -1
125, 2, 0
125, 2, 0
125, 2, 0
125, 2, -1
125, 2, 0
125, 2, 0
125, 2, -1
125, 3, 0
125, 1, 0
125, 3, -1
125, 1, 0
124, 3, 0
127, 1, -1
124, 3, 0
125, 2, 0
125, 2, 0
125, 2, -1
125, 2, 0
124, 2, 0
125, 2, 0
127, 2, -1
123, 2, 0
125, 2, 0
125, 2, -1
125, 2, 0
125, 2, 0
126, 2, 0
124, 2, -1
127, 2, 0
123, 2, -1
125, 2, 0
125, 2, 0
125, 2, 0
125, 2, -1
125, 2, 0
125, 2, 0
126, 2, 0
124, 1, -1
126, 3, 0
124, 1, 0
125, 3, -1
125, 1, 0
125, 3, 0
126, 1, 0
126, 2, -1
123, 2, 0
125, 2, 0
125, 2, -1
127, 2, 0
123, 2, 0
126, 2, 0
124, 1, -1
126, 3, 0
125, 1, 0
124, 2, 0
125, 2, -1
126, 2, 0
124, 2, 0
125, 2, -1
125, 1, 0
126, 3, 0
125, 1, -1
124, 2, 0
125, 2, 0
126, 2, -1
125, 1, 0
124, 2, 0
126, 2, 0
125, 2, -1
124, 1, 0
125, 2, 0
126, 2, 0
125, 2, -1
125, 2, 0
125, 2, 0
125, 1, -1
125, 2, 0
125, 2, 0
124, 1, 0
126, 2, -1
125, 1, 0
125, 3, 0
125, 1, -1
124, 2, 0
126, 1, 0
125, 2, -1
124, 2, 0
125, 1, 0
125, 2, 0
125, 2, 0
126, 1, -1
124, 2, 0
126, 1, 0
130, 2, -1
120, 2, 0
126, 1, 0
123, 2, 0
125, 2, -1
125, 1, 0
125, 2, 0
126, 1, 0
124, 2, -1
125, 1, 0
125, 2, 0
125, 1, 0
128, 2, -1
122, 1, 0
125, 2, 0
126, 1, 0
124, 2, -1
125, 1, 0
125, 2, 0
280, 1, 0
225, 2, -1
121, 4, 0
124, 1, 0
137, 2, -1
114, 1, 0
124, 2, 0
125, 1, 0
125, 1, -1
125, 2, 0
126, 1, 0
124, 1, 0
125, 2, 0
125, 1, -1
125, 2, 0
125, 1, 0
125, 1, 0
133, 1, 0
120, 2, -1
124, 1, 0
125, 2, 0
124, 1, 0
126, 1, -1
124, 1, 0
125, 2, 0
125, 1, 0
127, 1, 0
123, 1, -1
125, 1, 0
125, 2, 0
126, 1, 0
125, 1, 0
124, 1, -1
125, 1, 0
126, 1, 0
123, 1, 0
126, 2, 0
125, 1, 0
124, 1, -1
126, 1, 0
134, 1, 0
116, 1, 0
184, 1, 0
64, 1, 0
127, 1, -1
150, 1, 0
113, 1, 0
111, 1, 0
124, 1, 0
126, 1, 0
125, 1, -1
126, 1, 0
126, 1, 0
123, 1, 0
124, 1, 0
126, 1, 0
124, 1, -1
125, 1, 0
127, 1, 0
124, 1, 0
124, 1, 0
125, 1, 0
250, 1, -1
126, 1, 0
124, 1, 0
250, 2, 0
250, 1, 0
125, 1, -1
125, 1, 0
250, 1, 0
126, 1, 0
125, 1, 0
250, 1, -1
125, 1, 0
249, 1, 0
125, 1, 0
250, 1, 0
251, 1, -1
124, 1, 0
250, 1, 0
253, 1, 0
123, 1, 0
375, 1, -1
126, 1, 0
249, 1, 0
375, 1, 0
249, 1, 0
251, 1, 0
124, 0, -1
251, 1, 0
375, 1, 0
502, 1, 0
373, 1, 0
249, 0, -1
501, 1, 0
630, 1, 0
4380, 0, -1
240, -1, 0
875, -1, 0
751, -1, 0
734, -1, 0
484, -1, 0
478, -1, 0
310, -1, 0
506, -1, 0
372, -1, 0
123, 0, -1
250, -1, 0
373, -1, 0
424, -1, 0
328, -1, 0
247, -1, 0
245, -1, 0
277, -1, 0
232, -1, 0
377, -1, 0
248, -1, 0
248, -1, 0
255, -1, 0
248, -1, 0
120, -1, 0
266, -1, 0
237, -1, 0
248, -1, 0
133, -1, 0
243, -1, 0
243, -1, 0
265, -1, 0
111, -1, 0
125, -1, 0
249, -1, 0
125, -1, 0
250, -1, 0
125, -1, 0
249, -1, 0
126, -1, 0
126, -1, 0
124, 0, 1
125, -1, 0
125, -1, 0
125, -1, 0
250, -1, 0
137, -1, 0
123, -1, 0
240, -1, 0
125, -1, 0
125, -1, 0
126, -1, 0
125, -1, 0
125, 0, 1
125, -1, 0
124, -1, 0
125, -1, 0
125, -1, 0
125, -1, 0
250, -2, 0
251, -1, 1
124, -1, 0
125, -1, 0
125, -1, 0
125, -1, 0
125, -1, 0
249, -2, 0
251, -2, 0
125, 0, 1
125, -2, 0
250, -1, 0
126, -1, 0
124, -1, 0
127, -1, 0
124, -1, 1
124, -1, 0
125, -2, 0
249, -2, 0
127, -1, 0
124, -1, 1
126, -1, 0
124, -1, 0
125, -1, 0
125, -1, 0
125, -1, 0
125, -1, 0
125, -1, 1
125, -2, 0
249, -2, 0
126, -1, 0
125, -1, 0
125, -1, 1
125, -1, 0
125, -1, 0
125, -1, 0
126, -2, 0
124, -1, 1
126, -1, 0
125, -1, 0
132, -2, 0
240, -2, 0
126, -1, 1
125, -1, 0
125, -1, 0
125, -2, 0
125, -1, 0
125, -1, 1
125, -1, 0
125, -2, 0
125, -1, 0
125, -1, 0
124, -1, 0
128, -2, 1
124, -1, 0
124, -1, 0
125, -1, 0
125, -2, 0
125, -1, 1
126, -1, 0
124, -1, 0
125, -2, 0
125, -1, 1
125, -2, 0
125, -1, 0
125, -1, 0
125, -1, 1
126, -2, 0
126, -1, 0
124, -1, 0
127, -1, 1
122, -2, 0
125, -1, 0
125, -1, 0
125, -2, 0
126, -1, 1
124, -2, 0
125, -1, 0
125, -2, 0
125, -1, 1
125, -1, 0
125, -1, 0
125, -2, 0
126, -1, 0
124, -2, 1
125, -1, 0
125, -2, 0
125, -1, 0
125, -2, 1
125, -1, 0
125, -2, 0
128, -1, 0
124, -1, 1
124, -2, 0
126, -1, 0
124, -2, 0
125, -1, 1
125, -1, 0
125, -2, 0
126, -1, 0
124, -2, 1
125, -1, 0
125, -2, 0
125, -1, 0
125, -2, 1
125, -1, 0
125, -2, 0
126, -1, 0
125, -2, 1
124, -1, 0
125, -2, 0
140, -1, 1
123, -1, 0
120, -2, 0
117, -2, 0
126, -1, 1
124, -2, 0
127, -2, 0
124, -1, 0
125, -2, 1
124, -1, 0
126, -2, 0
124, -1, 1
126, -2, 0
124, -1, 0
125, -2, 1
125, -2, 0
125, -1, 0
125, -1, 0
125, -2, 1
126, -2, 0
125, -2, 0
124, -1, 0
125, -2, 1
125, -1, 0
125, -2, 0
125, -1, 1
126, -2, 0
124, -1, 0
126, -3, 1
124, -1, 0
125, -2, 0
125, -1, 0
125, -2, 1
126, -1, 0
124, -2, 0
125, -1, 1
126, -2, 0
124, -2, 0
125, -1, 0
125, -2, 1
126, -1, 0
124, -2, 1
125, -2, 0
125, -2, 0
126, -1, 0
124, -2, 1
125, -1, 0
125, -2, 0
125, -2, 1
125, -2, 0
125, -1, 0
125, -2, 1
126, -2, 0
124, -1, 0
125, -2, 0
125, -2, 1
125, -1, 0
127, -2, 0
123, -2, 1
125, -2, 0
127, -1, 0
122, -2, 1
125, -1, 0
132, -3, 0
118, -1, 1
125, -2, 0
125, -1, 0
125, -2, 1
125, -2, 0
125, -2, 0
125, -1, 1
125, -2, 0
125, -2, 0
125, -2, 1
125, -1, 0
124, -1, 0
126, -3, 0
125, -1, 1
125, -2, 0
125, -1, 1
125, -2, 0
124, -2, 0
128, -2, 0
124, -1, 1
125, -2, 0
124, -2, 0
126, -2, 1
124, -1, 0
125, -2, 0
125, -2, 1
125, -2, 0
125, -1, 0
126, -2, 0
124, -2, 1
125, -2, 0
125, -1, 0
125, -2, 1
125, -2, 0
125, -2, 0
125, -1, 1
125, -2, 0
125, -1, 0
125, -2, 1
125, -2, 0
125, -2, 0
125, -1, 1
125, -2, 0
125, -2, 0
126, -2, 1
124, -1, 0
125, -1, 0
125, -3, 1
125, -1, 0
128, -2, 0
123, -1, 0
124, -2, 1
126, -2, 0
125, -2, 0
127, -1, 1
122, -2, 0
125, -2, 0
132, -2, 1
125, -1, 0
122, -2, 0
124, -2, 1
122, -2, 0
126, -1, 0
130, -2, 1
124, -1, 0
126, -3, 0
125, -1, 0
126, -2, 1
125, -1, 0
124, -2, 0
133, -2, 1
120, -2, 0
119, -1, 0
125, -2, 0
125, -1, 1
125, -2, 0
127, -2, 0
124, -2, 1
124, -1, 0
125, -2, 0
125, -1, 1
125, -2, 0
125, -2, 0
125, -2, 0
126, -1, 1
124, -2, 0
125, -1, 0
125, -2, 0
125, -2, 1
125, -1, 0
125, -2, 0
125, -1, 0
126, -2, 1
126, -1, 0
124, -2, 0
125, -2, 1
124, -2, 0
125, -1, 0
125, -2, 0
125, -1, 1
125, -2, 0
125, -1, 0
125, -2, 1
126, -2, 0
125, -2, 0
125, -1, 0
125, -2, 1
124, -1, 0
126, -2, 0
124, -1, 0
125, -2, 1
125, -1, 0
125, -2, 0
125, -2, 0
125, -1, 1
125, -2, 0
125, -1, 0
125, -2, 0
125, -2, 1
125, -1, 0
125, -2, 0
125, -1, 0
125, -2, 1
125, -1, 0
126, -2, 0
124, -1, 0
125, -2, 1
125, -1, 0
125, -1, 0
126, -2, 0
124, -1, 1
125, -2, 0
125, -1, 0
125, -2, 0
125, -1, 0
125, -2, 1
125, -1, 0
125, -2, 0
125, -1, 0
125, -2, 1
125, -1, 0
124, -1, 0
125, -2, 0
126, -1, 1
125, -1, 0
125, -2, 0
124, -1, 0
126, -2, 1
126, -1, 0
124, -2, 0
124, -1, 0
125, -1, 0
126, -1, 0
124, -2, 1
126, -1, 0
124, -2, 0
127, -1, 0
123, -2, 0
126, -1, 1
124, -1, 0
126, -1, 0
124, -2, 0
125, -1, 1
125, -2, 0
126, -1, 0
124, -1, 0
125, -1, 0
126, -1, 0
125, -2, 0
125, -1, 1
125, -1, 0
124, -2, 0
126, -1, 0
124, -1, 0
126, -2, 1
125, -1, 0
125, -1, 0
125, -1, 0
125, -2, 0
124, -1, 0
126, -1, 1
124, -1, 0
126, -1, 0
125, -2, 0
125, -1, 0
125, -1, 0
126, -1, 0
124, -1, 1
125, -2, 0
125, -1, 0
124, -1, 0
125, -1, 0
125, -1, 1
126, -1, 0
125, -2, 0
125, -1, 0
125, -1, 0
126, -1, 0
123, -1, 0
127, -1, 0
126, -1, 1
125, -1, 0
145, -2, 0
231, -2, 0
122, -1, 0
125, -1, 0
124, -1, 0
126, -1, 1
127, -1, 0
124, -1, 0
125, -1, 0
124, -1, 0
124, -1, 0
125, -1, 0
126, -1, 0
125, -1, 0
127, -1, 1
130, -1, 0
118, -1, 0
130, -1, 0
122, -1, 0
125, -1, 0
123, -1, 0
124, -1, 0
126, -1, 0
125, -1, 0
125, -1, 0
126, -1, 0
124, -1, 0
125, 0, 1
127, -2, 0
247, -1, 0
126, -1, 0
125, -1, 0
127, -1, 0
123, -1, 0
125, -1, 0
125, -1, 0
249, -1, 1
126, -1, 0
125, -1, 0
249, -2, 0
250, -1, 0
125, -1, 0
250, -1, 0
125, -1, 0
126, -1, 0
249, -1, 0
125, -1, 0
125, -1, 0
126, 0, 1
124, -1, 0
125, -1, 0
126, -1, 0
250, -1, 0
250, -1, 0
126, -1, 0
125, -1, 0
250, -1, 0
262, -1, 0
235, -1, 0
126, -1, 0
249, -1, 1
251, -1, 0
125, -1, 0
375, -1, 0
249, -1, 0
126, -1, 0
250, -1, 0
376, -1, 0
249, -1, 0
376, -1, 0
249, -1, 0
376, -1, 0
374, -1, 0
375, -1, 0
500, -1, 0
499, -1, 0
627, -1, 0
125, 0, 1
753, -1, 0
5253, 1, 0
785, 1, 0
711, 1, 0
659, 1, 0
496, 1, 0
591, 1, 0
501, 1, 0
374, 1, 0
376, 1, 0
374, 1, 0
375, 1, 0
376, 1, 0
395, 1, 0
352, 1, 0
251, 1, 0
250, 1, 0
375, 1, 0
250, 1, 0
250, 1, 0
249, 1, 0
250, 1, 0
250, 1, 0
250, 1, -1
250, 1, 0
250, 1, 0
250, 1, 0
250, 1, 0
250, 1, 0
250, 1, 0
126, 1, 0
250, 1, 0
249, 1, 0
125, 1, 0
250, 1, 0
249, 1, 0
127, 1, 0
124, 1, 0
252, 1, 0
248, 1, 0
133, 1, 0
244, 1, -1
125, 1, 0
137, 1, 0
237, 1, 0
129, 1, 0
246, 1, 0
130, 1, 0
121, 1, 0
125, 1, 0
249, 1, 0
126, 1, 0
125, 1, 0
250, 1, 0
125, 1, -1
125, 1, 0
125, 1, 0
125, 1, 0
249, 1, 0
126, 1, 0
125, 1, 0
125, 1, 0
125, 1, 0
250, 2, 0
249, 1, 0
126, 1, 0
125, 1, 0
125, 1, -1
125, 1, 0
125, 1, 0
250, 1, 0
125, 1, 0
125, 1, 0
126, 1, 0
124, 1, 0
125, 1, 0
125, 1, 0
125, 1, 0
125, 1, 0
125, 1, -1
125, 1, 0
125, 1, 0
125, 1, 0
125, 1, 0
125, 1, 0
125, 1, 0
125, 1, 0
125, 1, 0
125, 2, 0
252, 2, -1
256, 2, 0
240, 2, 0
126, 1, 0
124, 1, 0
126, 1, 0
125, 1, -1
124, 1, 0
125, 1, 0
125, 1, 0
125, 1, 0
128, 2, 0
122, 1, 0
126, 1, 0
127, 1, 0
123, 1, 0
126, 1, -1
125, 2, 0
124, 1, 0
125, 1, 0
125, 1, 0
126, 1, 0
124, 1, -1
147, 2, 0
103, 1, 0
125, 1, 0
125, 1, 0
125, 2, 0
125, 1, 0
126, 1, 0
124, 1, -1
125, 2, 0
125, 1, 0
125, 1, 0
125, 1, 0
125, 2, 0
251, 2, -1
124, 1, 0
125, 2, 0
125, 1, 0
249, 2, 0
126, 1, 0
125, 2, 0
126, 1, -1
124, 1, 0
125, 1, 0
125, 2, 0
126, 1, 0
125, 2, 0
126, 1, 0
125, 2, -1
125, 1, 0
124, 1, 0
126, 1, 0
125, 2, 0
125, 1, -1
125, 2, 0
125, 1, 0
124, 1, 0
126, 2, 0
125, 1, 0
124, 1, 0
125, 2, -1
125, 1, 0
125, 2, 0
147, 1, 0
103, 1, -1
126, 2, 0
124, 1, 0
125, 1, 0
125, 2, 0
125, 1, 0
125, 2, -1
126, 1, 0
139, 1, 0
119, 2, 0
117, 1, 0
124, 2, 0
125, 1, -1
125, 2, 0
126, 1, 0
125, 2, 0
125, 1, 0
125, 2, 0
125, 1, -1
125, 2, 0
124, 1, 0
125, 2, 0
125, 1, 0
125, 2, -1
125, 1, 0
126, 2, 0
124, 1, 0
125, 2, 0
125, 1, -1
125, 2, 0
126, 1, 0
124, 2, 0
125, 1, 0
126, 2, -1
124, 1, 0
125, 2, 0
125, 1, 0
127, 2, 0
122, 1, -1
126, 2, 0
124, 1, 0
126, 2, 0
124, 1, 0
125, 2, -1
125, 2, 0
125, 1, 0
125, 2, 0
125, 1, 0
126, 2, -1
125, 1, 0
124, 2, 0
125, 1, 0
125, 2, 0
125, 1, -1
125, 2, 0
129, 2, 0
122, 1, 0
125, 2, 0
124, 2, -1
125, 1, 0
125, 2, 0
125, 1, 0
126, 2, -1
124, 1, 0
126, 2, 0
125, 2, 0
124, 2, 0
126, 1, -1
124, 2, 0
131, 1, 0
121, 2, 0
125, 1, 0
124, 2, -1
127, 2, 0
123, 2, 0
125, 1, 0
126, 2, -1
124, 1, 0
125, 1, 0
126, 3, 0
125, 1, 0
126, 2, -1
123, 1, 0
125, 2, 0
127, 1, 0
122, 2, -1
125, 2, 0
125, 2, 0
124, 1, 0
129, 2, -1
122, 1, 0
125, 2, 0
125, 2, 0
126, 2, -1
131, 1, 0
122, 2, 0
123, 1, 0
125, 2, 0
126, 2, -1
131, 2, 0
120, 1, 0
127, 2, 0
120, 1, -1
125, 2, 0
125, 2, 0
126, 2, 0
125, 1, -1
128, 2, 0
122, 2, 0
125, 2, 0
125, 1, -1
125, 2, 0
125, 1, 0
126, 2, 0
125, 2, 0
124, 2, -1
125, 1, 0
125, 1, 0
125, 2, 0
125, 2, -1
125, 2, 0
126, 1, 0
124, 2, 0
125, 1, -1
124, 3, 0
126, 1, 0
125, 2, 0
125, 1, -1
124, 2, 0
126, 2, 0
125, 2, -1
125, 1, 0
124, 2, 0
126, 1, 0
126, 2, -1
125, 2, 0
122, 2, 0
126, 1, 0
124, 2, 0
125, 2, -1
126, 2, 0
130, 1, 0
126, 2, -1
127, 1, 0
116, 2, 0
126, 2, 0
125, 2, -1
134, 1, 0
116, 2, 0
124, 2, 0
125, 1, -1
125, 2, 0
125, 2, 0
126, 1, 0
124, 1, -1
125, 3, 0
125, 1, 0
125, 2, -1
125, 1, 0
125, 2, 0
125, 2, 0
127, 2, -1
123, 1, 0
125, 2, 0
125, 1, -1
125, 2, 0
125, 2, 0
125, 2, 0
125, 1, 0
126, 2, -1
124, 1, 0
125, 2, -1
125, 2, 0
125, 2, 0
125, 1, 0
125, 2, -1
125, 1, 0
126, 3, 0
124, 1, 0
125, 2, -1
125, 1, 0
125, 2, 0
125, 1, -1
125, 2, 0
125, 2, 0
126, 2, 0
124, 1, -1
125, 2, 0
125, 1, 0
125, 2, -1
125, 2, 0
125, 2, 0
125, 1, 0
126, 1, -1
124, 2, 0
127, 2, 0
124, 2, -1
124, 1, 0
125, 2, 0
125, 1, 0
126, 2, -1
125, 1, 0
124, 2, 0
125, 2, 0
125, 1, -1
125, 2, 0
125, 2, 0
125, 1, -1
125, 2, 0
126, 1, 0
125, 2, 0
124, 1, -1
125, 2, 0
125, 1, 0
125, 2, -1
125, 2, 0
125, 1, 0
126, 2, 0
124, 2, -1
125, 1, 0
125, 2, 0
125, 1, -1
125, 2, 0
125, 1, 0
125, 2, 0
126, 1, -1
124, 2, 0
126, 1, 0
125, 2, -1
124, 2, 0
125, 1, 0
125, 2, 0
125, 1, -1
126, 2, 0
124, 1, 0
125, 2, 0
125, 1, -1
125, 2, 0
125, 1, 0
125, 2, -1
125, 1, 0
126, 2, 0
124, 1, 0
125, 2, -1
125, 1, 0
125, 1, 0
126, 2, -1
124, 1, 0
125, 1, 0
125, 2, 0
125, 1, -1
125, 2, 0
125, 1, 0
125, 2, 0
126, 1, -1
124, 2, 0
125, 1, 0
126, 2, -1
124, 1, 0
125, 1, 0
125, 2, 0
125, 1, -1
125, 2, 0
126, 1, 0
124, 1, 0
126, 2, -1
124, 1, 0
126, 2, 0
123, 1, 0
143, 1, -1
115, 1, 0
127, 2, 0
120, 1, 0
122, 1, 0
124, 2, -1
142, 1, 0
129, 2, 0
121, 1, 0
125, 1, -1
122, 1, 0
110, 2, 0
127, 1, 0
123, 1, -1
124, 1, 0
126, 2, 0
125, 1, 0
125, 1, -1
125, 2, 0
125, 1, 0
125, 1, 0
125, 2, 0
126, 1, -1
127, 1, 0
123, 1, 0
124, 2, 0
125, 1, -1
125, 1, 0
125, 1, 0
125, 2, 0
124, 1, 0
125, 1, -1
126, 1, 0
125, 1, 0
125, 1, 0
125, 2, 0
126, 1, -1
124, 1, 0
125, 1, 0
125, 2, 0
125, 1, 0
125, 1, 0
125, 1, -1
124, 1, 0
126, 1, 0
125, 1, 0
125, 1, 0
125, 1, -1
124, 2, 0
132, 1, 0
119, 1, 0
125, 1, 0
133, 1, 0
119, 1, -1
124, 1, 0
125, 1, 0
125, 2, 0
250, 2, 0
125, 1, -1
126, 1, 0
124, 1, 0
125, 1, 0
125, 1, 0
125, 1, -1
126, 1, 0
124, 1, 0
125, 1, 0
126, 1, 0
125, 1, 0
124, 1, -1
125, 1, 0
125, 1, 0
125, 1, 0
125, 1, 0
125, 1, 0
128, 1, 0
123, 1, -1
125, 1, 0
124, 1, 0
125, 1, 0
125, 1, 0
249, 1, -1
127, 1, 0
124, 1, 0
125, 1, 0
125, 1, 0
125, 1, 0
125, 1, 0
125, 0, -1
126, 1, 0
126, 1, 0
123, 1, 0
125, 1, 0
125, 1, 0
125, 1, 0
249, 1, -1
126, 1, 0
126, 1, 0
124, 1, 0
249, 1, 0
126, 1, 0
125, 1, -1
249, 1, 0
127, 1, 0
124, 1, 0
249, 1, 0
126, 1, 0
125, 1, 0
125, 0, -1
125, 1, 0
126, 1, 0
248, 1, 0
126, 1, 0
249, 1, -1
250, 1, 0
127, 1, 0
248, 1, 0
250, 1, 0
250, 1, 0
255, 1, -1
122, 1, 0
248, 1, 0
250, 1, 0
257, 1, 0
245, 1, -1
248, 1, 0
250, 1, 0
402, 1, 0
223, 1, 0
250, 1, 0
402, 1, -1
501, 1, 0
367, 1, 0
355, 1, 0
528, 1, 0
348, 0, -1
124, 1, 0
779, 1, 0
875, 1, 0
5764, 0, -1
1123, -1, 0
1126, -1, 0
1001, -1, 0
868, -1, 0
714, -1, 0
626, -1, 0
657, -1, 0
499, -1, 0
500, -1, 0
527, -1, 0
346, -1, 0
345, -1, 0
407, -1, 0
343, -1, 0
404, -1, 0
375, -1, 0
221, -1, 0
405, -1, 0
220, -1, 0
376, -1, 0
249, -1, 0
253, -1, 0
249, -1, 0
249, -1, 0
266, -1, 0
233, -1, 0
249, -1, 0
250, -1, 0
250, -1, 0
250, -1, 0
250, -1, 0
249, -1, 0
251, -1, 0
126, -1, 1
249, -1, 0
250, -1, 0
125, -1, 0
250, -1, 0
249, -1, 0
127, -1, 0
249, -1, 1
250, -1, 0
125, -1, 0
126, -1, 0
249, -1, 0
250, -1, 0
125, -1, 0
125, -1, 1
250, -1, 0
125, -1, 0
250, -1, 0
125, -1, 0
250, -1, 0
125, -1, 0
126, 0, 1
129, -1, 0
122, -1, 0
124, -1, 0
251, -1, 0
125, -1, 0
124, -1, 0
250, -1, 1
126, -1, 0
125, -1, 0
125, -1, 0
125, -1, 0
249, -1, 0
127, -1, 1
123, -1, 0
252, -1, 0
124, -1, 0
125, -1, 0
125, -1, 0
124, -1, 0
250, -1, 1
133, -1, 0
122, -1, 0
125, -1, 0
121, -1, 0
137, -1, 0
112, -1, 0
127, 0, 1
123, -1, 0
125, -1, 0
125, -1, 0
125, -1, 0
250, -2, 0
126, 0, 1
125, -1, 0
124, -1, 0
125, -1, 0
125, -1, 0
125, -1, 0
125, -1, 1
125, -1, 0
126, -1, 0
125, -1, 0
249, -2, 0
250, -1, 1
125, -1, 0
125, -2, 0
251, -1, 0
124, -1, 0
126, -1, 1
124, -1, 0
126, -1, 0
125, -1, 0
125, -1, 0
124, -1, 0
126, -1, 1
124, -1, 0
125, -1, 0
125, -1, 0
125, -1, 0
125, -1, 0
125, -1, 1
125, -1, 0
126, -1, 0
124, -1, 0
125, -1, 0
125, -1, 1
125, -1, 0
125, -1, 0
125, -1, 0
125, -1, 0
126, -1, 0
124, -1, 1
125, -1, 0
125, -1, 0
125, -1, 0
126, -1, 0
125, -1, 1
124, -1, 0
126, -1, 0
124, -1, 0
125, -1, 0
125, -1, 1
125, -1, 0
125, -1, 0
125, -1, 0
125, -1, 0
126, -1, 0
124, -1, 1
125, -1, 0
125, -2, 0
249, -2, 0
126, -1, 1
125, -1, 0
126, -1, 0
125, -1, 0
127, -1, 0
123, -1, 1
124, -1, 0
125, -1, 0
125, -1, 0
125, -1, 0
127, -1, 0
123, -1, 1
125, -1, 0
125, -1, 0
125, -2, 0
250, -2, 1
125, -1, 0
126, -1, 0
124, -1, 0
125, -1, 0
125, -1, 1
125, -1, 0
125, -1, 0
127, -1, 0
123, -1, 0
126, -1, 1
124, -1, 0
125, -2, 0
125, -1, 0
125, -1, 0
125, -1, 1
125, -1, 0
125, -1, 0
126, -1, 0
124, -1, 0
126, -1, 1
124, -1, 0
125, -1, 0
125, -1, 0
125, -1, 0
125, -1, 1
126, -2, 0
124, -1, 0
125, -1, 0
125, -1, 0
125, -1, 1
125, -1, 0
125, -1, 0
125, -1, 0
126, -1, 0
124, -1, 1
125, -1, 0
125, -1, 0
125, -1, 0
125, -1, 0
125, -1, 0
133, -1, 1
121, -1, 0
126, -2, 0
244, -2, 1
126, -1, 0
125, -1, 0
125, -1, 0
126, -1, 0
125, -1, 1
125, -1, 0
124, -1, 0
125, -1, 0
125, -1, 0
125, -1, 1
125, -1, 0
125, -1, 0
127, -1, 0
126, -2, 0
249, -2, 1
248, -2, 0
250, -2, 1
126, -1, 0
124, -1, 0
126, -1, 0
248, -2, 0
127, 0, 1
125, -2, 0
251, -2, 0
248, -2, 1
250, -1, 0
126, -1, 0
125, -1, 0
125, -1, 0
126, -2, 1
248, -1, 0
125, -1, 0
125, -1, 0
126, -1, 1
144, -1, 0
105, -1, 0
126, -1, 0
125, -1, 0
128, -1, 0
122, -1, 1
124, -1, 0
125, -1, 0
126, -1, 0
125, -1, 0
125, -1, 1
250, -2, 0
249, -1, 0
126, -1, 0
143, -1, 0
107, -1, 1
125, -1, 0
125, -1, 0
124, -1, 0
125, -1, 0
250, -1, 1
126, -1, 0
124, -1, 0
126, -1, 0
124, -1, 0
125, -1, 0
126, -1, 1
248, -1, 0
126, -1, 0
125, -1, 0
126, -1, 0
124, -1, 0
126, 0, 1
124, -1, 0
125, -1, 0
126, -1, 0
124, -1, 0
125, -1, 0
126, 0, 1
124, -1, 0
125, -1, 0
125, -1, 0
125, -1, 0
250, -1, 0
125, -1, 0
126, -1, 1
249, -1, 0
125, -1, 0
125, -1, 0
250, -1, 0
126, -1, 0
125, -1, 1
249, -1, 0
125, -1, 0
250, -1, 0
125, -1, 0
251, -1, 1
125, -1, 0
126, -1, 0
248, -1, 0
126, -1, 0
248, -1, 0
127, -1, 0
249, -1, 1
250, -1, 0
127, -1, 0
249, -1, 0
125, -1, 0
249, -1, 1
257, -1, 0
246, -1, 0
128, -1, 0
244, -1, 0
250, -1, 0
250, -1, 0
250, -1, 1
250, -1, 0
250, -1, 0
249, -1, 0
250, -1, 0
250, -1, 0
126, 0, 1
125, -1, 0
249, -1, 0
250, -1, 0
375, -1, 0
377, -1, 0
249, -1, 0
375, -1, 0
250, -1, 1
501, -1, 0
248, -1, 0
500, -1, 0
504, -1, 0
497, -1, 0
500, -1, 0
625, -1, 0
499, 0, 1
376, -1, 0
1251, -1, 0
11390, 1, 0
1738, 1, 0
932, 1, 0
940, 1, 0
790, 1, 0
619, 1, 0
602, 1, 0
614, 1, 0
545, 1, 0
454, 1, 0
417, 1, 0
499, 1, 0
334, 1, 0
500, 1, 0
251, 1, 0
542, 1, 0
207, 1, 0
375, 1, 0
377, 1, 0
414, 1, 0
341, 1, 0
368, 1, 0
250, 1, 0
251, 1, 0
418, 1, 0
206, 1, 0
413, 1, 0
213, 1, 0
249, 1, 0
250, 1, 0
250, 1, 0
251, 1, 0
413, 1, 0
211, 1, 0
250, 1, 0
251, 1, 0
249, 1, 0
250, 1, 0
250, 1, 0
250, 1, 0
250, 1, 0
125, 1, 0
126, 0, -1
126, 1, 0
249, 1, 0
252, 1, 0
123, 1, 0
249, 1, 0
250, 1, 0
250, 1, 0
126, 1, 0
249, 1, 0
250, 1, 0
251, 1, 0
124, 1, 0
250, 1, 0
125, 1, 0
250, 1, 0
251, 1, 0
124, 1, 0
250, 1, -1
125, 1, 0
250, 1, 0
125, 1, 0
250, 1, 0
126, 1, 0
249, 1, 0
126, 1, 0
125, 1, 0
250, 1, 0
125, 1, 0
249, 1, 0
126, 1, 0
249, 1, 0
126, 1, 0
250, 1, 0
125, 1, -1
124, 1, 0
250, 1, 0
125, 1, 0
125, 1, 0
250, 1, 0
126, 1, 0
124, 1, 0
250, 1, 0
126, 1, -1
124, 1, 0
126, 1, 0
249, 1, 0
126, 1, 0
124, 1, 0
125, 1, 0
250, 1, 0
126, 1, 0
124, 1, 0
125, 0, -1
126, 1, 0
125, 1, 0
125, 1, 0
125, 1, 0
249, 1, 0
125, 1, 0
126, 1, 0
125, 1, 0
132, 1, -1
243, 1, 0
123, 1, 0
127, 1, 0
124, 1, 0
126, 1, 0
249, 1, 0
126, 1, -1
125, 1, 0
124, 1, 0
126, 1, 0
249, 1, 0
125, 1, 0
125, 1, 0
125, 1, 0
126, 1, -1
250, 2, 0
249, 1, 0
125, 1, 0
126, 1, -1
124, 1, 0
125, 1, 0
125, 1, 0
126, 1, 0
248, 1, 0
126, 1, 0
126, 1, -1
125, 1, 0
125, 1, 0
125, 1, 0
125, 1, 0
249, 1, 0
125, 1, -1
126, 1, 0
125, 1, 0
126, 1, 0
124, 1, 0
251, 2, -1
249, 1, 0
125, 1, 0
124, 1, 0
126, 1, 0
125, 1, -1
124, 1, 0
125, 1, 0
125, 1, 0
125, 1, 0
249, 1, -1
126, 1, 0
125, 1, 0
127, 1, 0
125, 1, 0
125, 1, 0
125, 1, -1
252, 2, 0
247, 1, 0
125, 1, 0
124, 1, -1
154, 1, 0
96, 1, 0
125, 1, 0
250, 2, -1
250, 1, 0
125, 1, 0
125, 1, 0
125, 1, 0
125, 1, -1
125, 1, 0
126, 1, 0
259, 1, 0
117, 1, 0
124, 1, -1
126, 1, 0
126, 1, 0
125, 1, 0
124, 1, 0
124, 1, 0
127, 0, -1
124, 1, 0
124, 1, 0
126, 1, 0
124, 1, 0
125, 1, -1
125, 1, 0
250, 2, 0
249, 1, 0
126, 1, -1
125, 1, 0
125, 1, 0
144, 1, 0
234, 1, 0
125, 1, -1
124, 1, 0
126, 1, 0
248, 1, 0
128, 1, 0
120, 1, -1
126, 1, 0
127, 1, 0
249, 1, 0
131, 1, -1
121, 1, 0
124, 1, 0
125, 1, 0
251, 1, 0
124, 1, 0
125, 1, -1
129, 1, 0
128, 1, 0
244, 1, 0
127, 1, -1
124, 1, 0
131, 1, 0
126, 1, 0
244, 1, 0
123, 1, -1
124, 1, 0
254, 1, 0
124, 1, 0
123, 1, 0
125, 0, -1
124, 1, 0
126, 1, 0
124, 1, 0
125, 1, -1
255, 1, 0
122, 1, 0
124, 1, 0
251, 1, 0
122, 1, -1
126, 1, 0
250, 1, 0
127, 1, 0
122, 1, -1
252, 1, 0
251, 2, 0
247, 1, -1
124, 1, 0
250, 1, 0
128, 1, 0
258, 1, -1
118, 1, 0
123, 1, 0
248, 1, 0
124, 1, 0
251, 1, -1
131, 1, 0
246, 1, 0
125, 1, 0
248, 1, -1
254, 1, 0
123, 1, 0
124, 1, 0
256, 1, -1
246, 1, 0
252, 1, 0
125, 1, 0
123, 1, 0
249, 1, -1
251, 1, 0
125, 1, 0
252, 1, 0
121, 1, -1
248, 1, 0
258, 1, 0
249, 1, 0
122, 0, -1
126, 1, 0
122, 1, 0
249, 1, 0
249, 1, -1
254, 1, 0
250, 1, 0
252, 1, 0
247, 1, 0
124, 1, 0
127, 0, -1
129, 1, 0
252, 1, 0
245, 1, 0
253, 1, -1
248, 1, 0
247, 1, 0
386, 1, -1
239, 1, 0
249, 1, 0
249, 1, 0
250, 1, 0
250, 0, -1
125, 1, 0
250, 1, 0
375, 1, 0
249, 1, 0
382, 1, -1
368, 1, 0
376, 1, 0
374, 1, 0
252, 1, 0
123, 0, -1
412, 1, 0
337, 1, 0
540, 1, 0
210, 0, -1
250, 1, 0
376, 1, 0
624, 1, 0
502, 1, 0
498, 0, -1
250, 1, 0
750, 1, 0
875, 1, 0
1267, 1, 0
983, 0, -1
16824, -1, 0
1210, -1, 0
1264, -1, 0
986, -1, 0
871, -1, 0
919, -1, 0
679, -1, 0
747, -1, 0
564, 0, -1
186, -1, 0
649, -1, 0
602, -1, 0
623, -1, 0
625, -1, 0
546, -1, 0
710, -1, 0
521, -1, 0
515, -1, 0
335, 0, -1
251, -1, 0
537, -1, 0
498, -1, 0
502, -1, 0
664, -1, 0
299, -1, 0
248, 0, -1
409, -1, 0
502, -1, 0
523, -1, 0
443, -1, 0
540, -1, 0
333, -1, 0
526, -1, 0
224, 0, -1
250, -1, 0
415, -1, 0
499, -1, 0
372, -1, 0
627, -1, 0
213, 0, -1
125, -1, 0
543, -1, 0
456, -1, 0
413, -1, 0
464, -1, 0
415, -1, -1
708, -1, 0
251, -1, 0
533, -1, 0
374, -1, 0
497, -1, 0
97, 0, -1
404, -1, 0
385, -1, 0
488, -1, 0
376, 0, -1
219, -1, 0
536, -1, 0
494, -1, 0
474, -1, 0
123, 0, -1
375, -1, 0
624, -1, 0
406, 0, -1
95, -1, 0
499, -1, 0
627, -1, 0
411, 0, -1
211, -1, 0
675, -1, 0
740, -1, -1
711, -1, 0
421, 0, -1
203, -1, 0
897, -1, 0
228, 0, -1
665, -1, 0
500, 0, -1
461, -1, 0
919, -1, -1
1137, -1, 0
70, 0, -1
876, -1, 0
248, 0, -1
1289, -1, -1
1086, 0, -1
406, -1, 0
790, 0, -1
836, -1, 0
218, 0, -1
1124, 0, -1
787, -1, 0
389, 0, -1
1200, 0, -1
1000, 0, -1
249, -1, 0
920, 0, -1
1205, 0, -1
1249, 0, -1
879, 0, -1
1248, 0, -1
1136, 0, -1
866, 0, -1
1248, 0, -1
1000, 0, -1
1000, 0, -1
1250, 0, -1
875, 0, -1
1291, 0, -1
407, 1, 0
716, 0, -1
1164, 0, -1
547, 1, 0
375, 0, -1
1039, 0, -1
588, 1, 0
408, 0, -1
1135, 0, -1
205, 1, 0
913, 0, -1
837, 0, -1
250, 1, 0
876, 0, -1
874, 1, 0
125, 0, -1
1188, 0, -1
377, 1, 0
723, 0, -1
837, 1, 0
250, 0, -1
1038, 0, -1
501, 1, 0
624, 0, -1
1088, 0, -1
124, 1, 0
1164, 0, -1
874, 1, 0
336, 0, -1
1292, 0, -1
1251, 1, -1
1749, 0, -1
1462, 0, -1
1749, 0, -1
127, 1, 0
1746, 0, -1
2041, 0, -1
2088, 0, -1
411, -1, 0
1623, 0, -1
1464, -1, 0
1041, 0, -1
1247, -1, 0
334, 0, -1
1294, -1, 0
331, 0, -1
1293, -1, 0
1259, -1, -1
1364, -1, 0
339, 0, -1
621, -1, 0
1072, -1, 0
183, 0, -1
752, -1, 0
947, -1, 0
297, 0, -1
673, -1, 0
703, -1, 0
124, 0, -1
765, -1, 0
784, -1, 0
77, 0, -1
625, -1, 0
625, -1, 0
623, 0, -1
127, -1, 0
671, -1, 0
703, -1, 0
249, 0, -1
250, -1, 0
501, -1, 0
751, -1, -1
499, -1, 0
502, -1, 0
623, -1, 0
264, 0, -1
238, -1, 0
500, -1, 0
497, -1, 0
500, -1, -1
375, -1, 0
499, -1, 0
500, -1, 0
375, -1, 0
250, 0, -1
252, -1, 0
374, -1, 0
500, -1, 0
375, -1, 0
125, 0, -1
250, -1, 0
375, -1, 0
381, -1, 0
496, -1, 0
374, -1, 0
209, 0, -1
198, -1, 0
217, -1, 0
374, -1, 0
375, -1, 0
376, -1, 0
475, -1, -1
277, -1, 0
373, -1, 0
374, -1, 0
251, -1, 0
375, -1, 0
249, -1, 0
426, -1, -1
200, -1, 0
423, -1, 0
403, -1, 0
298, -1, 0
250, -1, 0
250, -1, 0
383, -1, 0
244, -1, 0
421, -1, -1
203, -1, 0
251, -1, 0
423, -1, 0
327, -1, 0
248, -1, 0
252, -1, 0
375, -1, 0
126, -1, 0
375, -1, 0
373, -1, 0
249, -1, 0
250, -1, 0
250, -1, -1
411, -1, 0
215, -1, 0
249, -1, 0
250, -1, 0
376, -1, 0
249, -1, 0
250, -1, 0
251, -1, 0
410, -1, 0
214, -1, 0
250, -1, 0
412, -1, 0
214, -1, 0
249, -1, 0
250, -1, 0
250, -1, 0
250, -1, 0
250, -1, 0
250, -1, 0
250, -1, 0
385, -1, 0
253, -1, 0
240, -1, -1
248, -1, 0
249, -1, 0
250, -1, 0
375, -1, 0
250, -1, 0
253, -1, 0
247, -1, 0
250, -1, 0
375, -1, 0
250, -1, 0
250, -1, 0
251, -1, 0
250, -1, 0
249, -1, 0
250, -1, 0
251, -1, 0
377, -1, 0
248, -1, 0
249, -1, 0
375, -1, 0
250, -1, 0
252, -1, 0
250, -1, 0
423, -1, 0
201, -1, 0
250, -1, 0
250, -1, 0
251, -1, 0
378, -1, 0
248, -1, 0
256, 0, -1
118, -1, 0
250, -1, 0
249, -1, 0
251, -1, 0
421, -1, 0
204, -1, 0
374, -1, 0
250, -1, 0
424, -1, 0
202, -1, 0
376, -1, 0
248, -1, 0
426, -1, 0
200, -1, 0
374, -1, 0
422, -1, 0
203, -1, 0
417, -1, 0
209, -1, 0
499, -1, 0
250, -1, 0
250, 0, -1
127, -1, 0
374, -1, 0
249, -1, 0
549, -1, 0
201, -1, 0
422, -1, 0
328, -1, 0
376, -1, 0
421, -1, 0
328, -1, 0
548, -1, 0
204, -1, -1
520, -1, 0
432, -1, 0
297, -1, 0
513, -1, 0
538, -1, 0
202, -1, 0
622, -1, 0
446, -1, 0
497, -1, 0
57, 0, -1
565, -1, 0
489, -1, 0
499, -1, 0
466, -1, 0
606, -1, 0
558, -1, 0
496, 0, -1
70, -1, 0
675, -1, 0
453, -1, 0
748, -1, 0
625, -1, 0
249, 0, -1
501, -1, 0
876, -1, 0
748, -1, 0
751, -1, 0
375, 0, -1
751, -1, 0
875, -1, 0
875, -1, 0
556, 0, -1
569, -1, 0
1250, -1, 0
888, 0, -1
362, -1, 0
1186, -1, 0
1400, 0, -1
289, -1, 0
1434, -1, 0
1250, -1, -1
1878, -1, 0
687, 0, -1
749, -1, 0
1435, 0, -1
195, -1, 0
1746, 0, -1
552, -1, 0
1756, 0, -1
498, -1, 0
1373, 0, -1
572, -1, 0
1308, 0, -1
691, -1, 0
1125, 0, -1
1679, 0, -1
320, -1, 0
1251, 0, -1
1681, -1, 0
69, 0, -1
1810, 0, -1
1368, 0, -1
571, -1, 0
1251, 0, -1
1683, 0, -1
1524, 0, -1
1595, 0, -1
887, -1, 0
562, 0, -1
1572, 0, -1
1358, 0, -1
1752, 0, -1
1499, 0, -1
1067, -1, 0
805, 0, -1
1871, 0, -1
2259, 0, -1
2001, 0, -1
2692, -1, 0
248, 0, -1
4559, 0, -1
30253, -1, 0
4494, -1, 0
4088, -1, 0
3916, -1, 0
4629, -1, 0
3366, -1, 0
3134, -1, 0
2624, -1, 0
2085, -1, 0
2159, -1, 0
852, 0, 1
903, -1, 0
2245, -1, 0
1724, -1, 0
1991, 0, 1
128, -1, 0
2162, -1, 0
2250, -1, 0
1749, 0, 1
1250, -1, 0
6879, -1, 0
16748, 1, 0
1997, 0, 1
336, 1, 0
1662, 1, 0
1001, 0, 1
87, 1, 0
1040, 1, 0
838, 1, 0
754, 1, 1
621, 1, 0
626, 1, 0
533, 1, 0
465, 1, 0
528, 1, 0
471, 1, 0
374, 1, 0
380, 0, 1
122, 1, 0
389, 1, 0
361, 1, 0
375, 1, 0
373, 1, 0
249, 1, 0
383, 1, 0
368, 1, 0
248, 1, 0
378, 1, 0
247, 1, 0
250, 1, 0
382, 1, 0
245, 1, 0
249, 1, 0
373, 1, 0
252, 1, 0
249, 1, 0
246, 1, 0
253, 1, 0
253, 1, 0
250, 1, 0
247, 1, 0
126, 1, 0
249, 1, 0
254, 1, 0
250, 1, 0
247, 1, 0
126, 1, 0
248, 1, 0
251, 1, 0
128, 1, 0
247, 1, 0
249, 1, 0
253, 1, 0
251, 1, 0
124, 1, 0
123, 1, 0
250, 1, 0
249, 1, 0
143, 1, -1
237, 1, 0
127, 1, 0
245, 1, 0
250, 1, 0
127, 1, 0
248, 1, 0
249, 1, 0
125, 1, 0
124, 1, 0
251, 1, 0
132, 1, 0
244, 1, 0
125, 1, -1
248, 1, 0
126, 1, 0
125, 1, 0
251, 1, 0
132, 1, 0
122, 1, 0
245, 1, 0
128, 1, 0
129, 1, 0
244, 1, 0
250, 1, 0
125, 1, 0
127, 1, 0
125, 0, -1
124, 1, 0
127, 1, 0
128, 1, 0
247, 1, 0
125, 1, 0
123, 1, 0
126, 1, 0
251, 1, 0
142, 1, 0
101, 1, 0
124, 1, 0
255, 1, 0
132, 1, 0
117, 1, 0
125, 1, 0
249, 1, -1
127, 1, 0
123, 1, 0
125, 1, 0
249, 1, 0
128, 1, 0
125, 1, 0
127, 1, 0
122, 1, 0
124, 1, 0
249, 1, 0
126, 1, 0
125, 1, 0
127, 1, 0
128, 1, 0
245, 1, 0
125, 1, 0
125, 1, 0
135, 1, 0
120, 1, -1
245, 1, 0
126, 1, 0
127, 1, 0
124, 1, 0
124, 1, 0
124, 1, 0
249, 1, 0
129, 1, 0
124, 1, 0
123, 1, 0
125, 1, 0
126, 1, 0
124, 1, 0
126, 1, 0
248, 1, 0
128, 1, 0
123, 1, -1
125, 1, 0
124, 1, 0
125, 1, 0
127, 1, 0
125, 1, 0
250, 1, 0
124, 1, 0
124, 1, 0
127, 1, 0
124, 1, 0
125, 1, 0
124, 1, 0
127, 1, 0
127, 1, 0
250, 2, 0
126, 1, 0
122, 1, 0
244, 2, 0
255, 1, -1
132, 1, 0
118, 1, 0
124, 1, 0
126, 1, 0
125, 1, 0
124, 1, 0
125, 1, 0
125, 1, 0
129, 1, 0
250, 2, 0
249, 1, 0
124, 1, 0
124, 1, 0
125, 1, 0
129, 1, 0
123, 1, -1
123, 1, 0
125, 1, 0
125, 1, 0
125, 1, 0
124, 1, 0
125, 1, 0
128, 1, 0
127, 1, 0
122, 1, 0
123, 1, 0
127, 1, 0
123, 1, 0
125, 1, 0
251, 2, 0
249, 2, 0
254, 1, 0
125, 1, 0
124, 1, 0
125, 1, 0
124, 1, -1
128, 1, 0
123, 1, 0
123, 1, 0
125, 1, 0
125, 1, 0
125, 1, 0
125, 1, 0
125, 1, 0
127, 1, 0
127, 1, 0
123, 1, 0
124, 1, 0
125, 1, 0
248, 2, 0
256, 1, 0
132, 1, 0
110, 1, 0
135, 1, 0
124, 1, -1
125, 1, 0
122, 1, 0
124, 1, 0
124, 1, 0
128, 1, 0
123, 1, 0
124, 1, 0
124, 1, 0
125, 1, 0
125, 1, 0
126, 1, 0
123, 1, 0
128, 1, 0
127, 1, 0
263, 1, 0
133, 1, 0
114, 1, 0
119, 1, 0
144, 1, 0
108, 1, -1
123, 1, 0
126, 1, 0
117, 1, 0
129, 1, 0
118, 1, 0
126, 1, 0
255, 2, 0
249, 1, 0
122, 1, 0
150, 1, 0
103, 1, 0
122, 1, 0
125, 1, 0
125, 1, 0
128, 1, 0
125, 1, 0
122, 1, -1
124, 1, 0
127, 1, 0
123, 1, 0
250, 1, 0
128, 1, 0
128, 1, 0
121, 1, 0
123, 1, 0
125, 1, 0
125, 1, 0
126, 1, 0
125, 1, 0
131, 0, -1
124, 1, 0
122, 1, 0
122, 1, 0
126, 1, 0
124, 1, 0
125, 1, 0
251, 1, 0
129, 1, 0
121, 1, 0
125, 1, 0
124, 1, 0
125, 1, 0
125, 1, 0
241, 1, 0
129, 1, -1
123, 1, 0
124, 1, 0
124, 1, 0
250, 1, 0
126, 1, 0
125, 1, 0
128, 1, 0
122, 1, 0
250, 1, 0
125, 1, 0
125, 1, 0
125, 1, -1
125, 1, 0
249, 1, 0
126, 1, 0
125, 1, 0
125, 1, 0
249, 1, 0
125, 1, 0
129, 1, 0
246, 1, 0
126, 1, 0
124, 1, -1
250, 1, 0
125, 1, 0
129, 1, 0
246, 1, 0
126, 1, 0
125, 1, 0
246, 1, 0
124, 1, 0
126, 1, 0
249, 1, 0
125, 1, 0
125, 1, 0
125, 0, -1
126, 1, 0
124, 1, 0
126, 1, 0
249, 1, 0
125, 1, 0
125, 1, 0
249, 1, 0
251, 1, 0
131, 1, 0
255, 1, -1
128, 1, 0
236, 1, 0
125, 1, 0
252, 1, 0
248, 1, 0
125, 1, 0
250, 1, 0
125, 1, 0
249, 1, 0
251, 1, 0
125, 1, -1
250, 1, 0
250, 1, 0
252, 1, 0
123, 1, 0
250, 1, 0
249, 1, 0
250, 1, 0
251, 1, 0
252, 1, 0
123, 0, -1
124, 1, 0
251, 1, 0
252, 1, 0
246, 1, 0
250, 1, 0
249, 1, 0
254, 1, 0
251, 1, 0
371, 1, 0
249, 1, 0
248, 1, 0
132, 0, -1
248, 1, 0
427, 1, 0
195, 1, 0
425, 1, 0
389, 1, 0
384, 1, 0
354, 1, 0
389, 1, 0
360, 1, 0
500, 1, 0
199, 0, -1
250, 1, 0
550, 1, 0
502, 1, 0
500, 1, 0
746, 1, 0
627, 1, 0
889, 1, 0
1117, 1, 0
2119, 1, -1
10100, -1, 0
1278, 0, -1
836, -1, 0
664, 0, -1
500, -1, 0
849, -1, 0
106, 0, -1
635, -1, 0
625, 0, -1
186, -1, 0
561, -1, 0
126, 0, -1
536, -1, 0
463, 0, -1
126, -1, 0
375, -1, 0
500, -1, -1
502, -1, 0
374, -1, -1
374, -1, 0
536, -1, 0
212, 0, -1
126, -1, 0
372, -1, 0
250, -1, -1
383, -1, 0
394, -1, 0
229, 0, -1
126, -1, 0
250, -1, 0
247, -1, 0
250, -1, 0
248, 0, -1
130, -1, 0
249, -1, 0
246, -1, 0
251, -1, 0
129, 0, -1
125, -1, 0
373, -1, 0
248, -1, 0
129, -1, 0
248, -1, -1
250, -1, 0
247, -1, 0
253, -1, 0
248, -1, 0
129, -1, -1
248, -1, 0
127, -1, 0
247, -1, 0
249, -1, 0
128, -1, 0
248, -1, -1
247, -1, 0
140, -1, 0
116, -1, 0
245, -1, 0
132, -1, 0
246, -1, 0
127, -1, 0
124, -1, -1
244, -1, 0
253, -1, 0
126, -1, 0
132, -1, 0
239, -1, 0
126, -1, 0
131, -1, 0
244, -1, 0
138, -1, 0
117, -1, -1
121, -1, 0
125, -1, 0
254, -1, 0
128, -1, 0
120, -1, 0
143, -1, 0
242, -1, 0
117, -1, 0
122, -1, 0
124, -1, 0
125, -1, 0
125, -1, 0
125, -1, 0
250, -1, 0
126, -1, -1
124, -1, 0
130, -1, 0
122, -1, 0
122, -1, 0
126, -1, 0
127, -1, 0
123, -1, 0
125, -1, 0
125, -1, 0
124, -1, 0
126, -1, 0
126, -1, 0
123, -1, 0
129, -1, 0
122, -1, 0
125, -1, 0
124, -1, 0
127, -1, 0
126, -1, 0
123, -1, 0
251, -2, 0
127, -1, 0
124, -1, 0
123, -1, 0
125, -1, 0
124, -1, 0
126, -1, 0
124, -1, 0
125, -1, 0
130, -1, 0
123, -1, 0
122, -1, 0
125, -2, 0
250, -2, 0
126, -1, 0
126, -1, 0
126, -1, 0
136, -1, 0
115, -1, 0
124, -2, 0
125, -1, 0
128, -1, 0
127, -1, 0
119, -1, 0
127, -1, 0
125, -2, 0
122, -1, 0
124, -1, 0
126, -1, 0
124, -2, 0
253, -2, 0
125, -1, 0
125, -1, 0
123, -1, 0
124, -2, 0
126, -1, 0
125, -1, 0
125, -1, 0
124, -1, 0
130, -2, 0
123, -1, 0
123, -1, 0
125, -1, 0
124, -2, 0
125, -1, 0
127, -2, 1
124, -1, 0
133, -1, 0
122, -1, 0
121, -2, 0
124, -1, 0
125, -2, 0
124, -1, 0
126, -1, 0
126, -1, 0
124, -2, 0
130, -1, 0
120, -2, 1
124, -1, 0
126, -1, 0
125, -1, 0
124, -2, 0
126, -1, 0
124, -2, 0
131, -1, 0
120, -2, 0
125, -1, 0
135, -1, 1
115, -1, 0
125, -2, 0
126, -1, 0
123, -2, 0
129, -1, 0
122, -2, 0
128, -1, 0
123, -2, 1
123, -1, 0
125, -1, 0
126, -2, 0
125, -1, 0
130, -2, 0
121, -1, 0
124, -2, 0
124, -1, 0
127, -2, 1
123, -1, 0
126, -1, 0
124, -2, 0
126, -1, 0
128, -1, 0
123, -3, 0
124, -1, 1
125, -2, 0
124, -1, 0
126, -2, 0
137, -1, 0
120, -2, 0
128, -1, 1
120, -2, 0
133, -1, 0
116, -2, 0
126, -1, 0
120, -2, 0
126, -1, 1
124, -2, 0
126, -2, 0
126, -1, 0
122, -2, 0
126, -2, 0
124, -1, 0
126, -2, 1
125, -1, 0
126, -2, 0
125, -1, 0
125, -2, 0
123, -2, 1
126, -1, 0
124, -2, 0
125, -1, 0
125, -2, 0
126, -2, 1
126, -2, 0
127, -1, 0
122, -2, 0
124, -1, 0
126, -2, 1
124, -1, 0
131, -2, 0
124, -2, 0
122, -2, 1
127, -1, 0
123, -2, 0
123, -1, 0
125, -2, 0
126, -2, 1
124, -2, 0
126, -1, 0
124, -2, 0
129, -2, 1
122, -2, 0
124, -1, 0
126, -2, 0
118, -1, 1
124, -2, 0
125, -2, 0
125, -2, 0
125, -1, 1
125, -2, 0
125, -2, 0
125, -2, 0
125, -1, 1
125, -2, 0
125, -2, 0
125, -2, 0
126, -1, 1
127, -2, 0
122, -2, 0
125, -2, 1
125, -1, 0
125, -2, 0
126, -2, 0
124, -1, 0
125, -2, 1
127, -2, 0
124, -2, 0
124, -1, 1
124, -2, 0
126, -2, 0
126, -2, 0
124, -1, 1
125, -3, 0
127, -1, 0
123, -2, 0
126, -2, 1
124, -2, 0
124, -1, 0
127, -2, 1
123, -2, 0
126, -2, 0
127, -1, 0
125, -3, 1
123, -1, 0
125, -2, 0
121, -2, 0
126, -2, 1
124, -1, 0
125, -3, 1
125, -1, 0
125, -2, 0
125, -2, 0
126, -2, 1
124, -1, 0
126, -3, 0
125, -1, 1
124, -2, 0
125, -2, 0
125, -2, 1
126, -1, 0
124, -2, 0
125, -2, 0
126, -1, 1
124, -3, 0
125, -1, 0
125, -2, 1
125, -2, 0
125, -2, 0
125, -2, 1
125, -2, 0
127, -1, 0
124, -3, 1
124, -1, 0
125, -2, 0
125, -2, 0
129, -2, 1
121, -2, 0
125, -2, 1
126, -1, 0
125, -2, 0
124, -2, 0
125, -2, 1
125, -2, 0
130, -2, 0
122, -1, 1
125, -3, 0
124, -1, 0
125, -2, 1
124, -2, 0
126, -2, 0
131, -2, 1
127, -2, 0
118, -1, 0
124, -2, 1
125, -2, 0
124, -2, 0
126, -2, 1
125, -2, 0
125, -1, 0
125, -3, 1
125, -1, 0
124, -2, 0
126, -2, 1
124, -1, 0
125, -3, 0
131, -1, 0
121, -2, 1
121, -2, 0
126, -2, 1
124, -2, 0
126, -2, 0
126, -1, 1
122, -3, 0
125, -1, 0
131, -2, 1
125, -2, 0
132, -2, 0
118, -2, 1
125, -2, 0
122, -1, 0
127, -3, 1
129, -1, 0
124, -3, 0
123, -1, 0
124, -2, 1
121, -2, 0
132, -2, 0
120, -2, 1
126, -2, 0
134, -1, 0
124, -3, 1
113, -1, 0
129, -3, 0
118, -1, 1
125, -2, 0
124, -2, 0
125, -2, 1
125, -2, 0
125, -2, 0
125, -2, 0
125, -2, 1
125, -1, 0
125, -2, 0
125, -2, 1
125, -2, 0
125, -2, 0
125, -1, 0
125, -3, 1
125, -1, 0
125, -2, 0
126, -2, 1
124, -2, 0
125, -2, 0
127, -2, 1
124, -2, 0
124, -2, 0
125, -1, 0
125, -3, 1
126, -1, 0
124, -2, 1
126, -2, 0
124, -2, 0
126, -1, 0
124, -3, 1
125, -1, 0
126, -2, 0
125, -2, 1
124, -2, 0
126, -2, 0
124, -2, 1
125, -1, 0
126, -2, 0
124, -2, 0
125, -2, 1
126, -2, 0
124, -2, 0
127, -1, 1
124, -2, 0
125, -2, 0
125, -2, 0
125, -1, 1
124, -2, 0
126, -2, 0
124, -1, 1
125, -2, 0
125, -2, 0
125, -2, 1
125, -1, 0
125, -3, 0
125, -1, 0
126, -2, 1
124, -1, 0
125, -3, 0
125, -1, 0
125, -2, 1
125, -1, 0
125, -2, 0
125, -2, 0
126, -2, 1
124, -1, 0
125, -2, 0
126, -1, 1
124, -2, 0
127, -2, 0
124, -2, 0
125, -1, 1
126, -2, 0
123, -1, 0
125, -2, 0
126, -1, 1
124, -2, 0
125, -1, 0
125, -2, 0
126, -2, 1
125, -2, 0
124, -1, 0
125, -2, 0
125, -1, 1
125, -2, 0
125, -1, 0
125, -1, 0
125, -2, 0
126, -1, 1
126, -2, 0
131, -1, 0
122, -2, 1
122, -2, 0
123, -1, 0
125, -2, 0
125, -1, 0
126, -1, 1
124, -2, 0
125, -1, 0
125, -2, 0
125, -1, 0
125, -2, 1
125, -1, 0
125, -2, 0
125, -1, 0
125, -2, 0
125, -1, 1
125, -1, 0
125, -1, 0
124, -2, 0
126, -1, 0
125, -2, 1
126, -1, 0
124, -1, 0
124, -1, 0
126, -2, 1
125, -1, 0
124, -1, 0
125, -1, 0
125, -2, 0
126, -1, 0
124, -2, 1
125, -1, 0
126, -1, 0
126, -1, 0
123, -1, 0
126, -1, 1
124, -1, 0
126, -2, 0
124, -1, 0
125, -1, 0
125, -1, 0
125, -2, 1
125, -1, 0
125, -1, 0
125, -1, 0
126, -1, 0
124, -1, 0
125, -1, 0
125, -1, 1
125, -2, 0
249, -2, 0
126, -1, 0
126, -1, 0
124, -1, 1
125, -1, 0
125, -1, 0
125, -1, 0
125, -1, 0
125, -1, 0
125, -1, 0
126, -1, 0
123, -1, 1
126, -1, 0
125, -1, 0
124, -1, 0
154, -1, 0
97, -1, 0
125, -1, 0
126, -1, 1
124, -1, 0
125, -1, 0
125, -1, 0
125, -1, 0
125, -1, 0
249, -2, 0
251, -1, 1
125, -1, 0
125, -1, 0
125, -1, 0
125, -1, 0
249, -1, 0
127, -1, 0
124, -1, 0
125, -1, 0
125, -1, 1
249, -1, 0
127, -1, 0
124, -1, 0
133, -1, 0
147, -1, 0
220, -1, 0
124, -1, 0
126, -1, 0
126, 0, 1
124, -1, 0
126, -1, 0
123, -1, 0
251, -1, 0
250, -1, 0
125, -1, 0
178, -1, 0
200, -1, 0
125, -1, 1
251, -1, 0
246, -1, 0
125, -1, 0
249, -1, 0
249, -1, 0
125, -1, 0
250, -1, 0
252, -1, 0
250, -1, 0
250, -1, 0
124, 0, 1
125, -1, 0
279, -1, 0
260, -1, 0
211, -1, 0
250, -1, 0
388, -1, 0
239, -1, 0
251, -1, 0
375, -1, 0
376, -1, 0
376, -1, 0
374, -1, 0
498, -1, 0
500, -1, 0
500, -1, 0
500, -1, 0
877, -1, 0
1124, -1, 0
9127, 1, 0
1750, 1, 0
1124, 1, 0
750, 0, 1
123, 1, 0
875, 1, 0
624, 1, 0
624, 1, 0
500, 1, 0
502, 1, 0
521, 1, 0
356, 1, 0
499, 1, 0
498, 1, 0
249, 1, 0
381, 1, 0
497, 1, 0
247, 1, 0
375, 1, 0
376, 1, 0
257, 1, 0
367, 1, 0
251, 1, 0
375, 1, 0
249, 1, 0
250, 1, 0
250, 1, 0
375, 1, 0
250, 1, 0
251, 1, 0
249, 1, 0
250, 1, 0
127, 1, 0
250, 1, 0
250, 1, 0
249, 1, 0
249, 1, 0
126, 1, 0
250, 1, 0
249, 1, 0
252, 1, 0
125, 1, 0
249, 1, 0
252, 1, 0
253, 1, 0
122, 1, 0
247, 1, 0
126, 1, 0
251, 1, 0
124, 1, 0
249, 1, 0
126, 1, 0
249, 1, 0
126, 1, 0
125, 1, 0
249, 1, 0
126, 1, 0
287, 1, 0
100, 1, 0
237, 1, 0
125, 1, 0
125, 1, 0
250, 1, 0
125, 1, 0
125, 1, 0
250, 1, 0
126, 1, 0
124, 1, 0
250, 1, 0
126, 1, -1
124, 1, 0
126, 1, 0
249, 1, 0
125, 1, 0
125, 1, 0
125, 1, 0
125, 1, 0
250, 1, 0
125, 1, 0
125, 1, 0
125, 1, 0
125, 1, 0
250, 1, 0
125, 1, 0
126, 1, 0
124, 1, 0
125, 1, 0
125, 1, 0
125, 1, -1
250, 1, 0
126, 1, 0
125, 1, 0
124, 1, 0
124, 1, 0
125, 1, 0
125, 1, 0
125, 1, 0
125, 1, 0
125, 1, 0
126, 1, 0
132, 1, 0
119, 1, 0
251, 2, -1
251, 2, 0
123, 1, 0
253, 1, 0
123, 1, 0
125, 1, 0
124, 1, 0
125, 1, 0
130, 1, 0
121, 1, -1
127, 1, 0
127, 1, 0
124, 1, 0
122, 1, 0
125, 1, 0
125, 2, 0
251, 2, 0
248, 2, -1
125, 1, 0
126, 1, 0
124, 1, 0
125, 1, 0
125, 1, 0
125, 1, 0
126, 1, -1
124, 1, 0
125, 1, 0
126, 1, 0
124, 1, 0
125, 1, 0
125, 1, 0
125, 2, 0
127, 0, -1
123, 2, 0
126, 1, 0
125, 1, 0
124, 1, 0
126, 1, 0
124, 1, 0
125, 1, -1
126, 1, 0
124, 2, 0
250, 1, 0
126, 2, 0
124, 1, 0
126, 1, -1
128, 1, 0
125, 1, 0
123, 1, 0
123, 1, 0
126, 1, 0
125, 2, -1
250, 2, 0
133, 1, 0
119, 1, 0
124, 1, 0
123, 1, -1
125, 1, 0
126, 2, 0
250, 2, 0
124, 1, -1
126, 1, 0
127, 1, 0
126, 1, 0
125, 1, 0
123, 2, -1
124, 1, 0
125, 1, 0
124, 1, 0
126, 1, 0
122, 1, 0
127, 2, -1
124, 1, 0
126, 1, 0
125, 1, 0
125, 1, 0
125, 1, -1
126, 1, 0
124, 1, 0
125, 1, 0
125, 2, 0
125, 1, 0
125, 1, -1
125, 1, 0
125, 1, 0
126, 1, 0
124, 2, -1
249, 2, 0
126, 1, 0
126, 1, 0
124, 1, -1
125, 1, 0
126, 1, 0
124, 2, 0
250, 2, -1
125, 1, 0
125, 1, 0
125, 1, 0
126, 1, -1
125, 2, 0
125, 1, 0
125, 1, 0
125, 1, 0
124, 1, -1
125, 1, 0
133, 1, 0
118, 2, 0
126, 0, -1
124, 2, 0
125, 1, 0
124, 1, 0
125, 1, -1
125, 1, 0
126, 1, 0
124, 2, 0
250, 2, -1
126, 1, 0
126, 1, 0
125, 1, 0
125, 1, -1
125, 1, 0
126, 1, 0
124, 1, 0
124, 1, -1
125, 1, 0
125, 1, 0
124, 2, 0
250, 2, -1
125, 1, 0
126, 1, 0
125, 1, 0
124, 1, 0
125, 1, -1
125, 1, 0
126, 1, 0
124, 1, 0
125, 1, -1
126, 2, 0
249, 2, 0
125, 1, -1
125, 1, 0
125, 1, 0
125, 1, 0
125, 1, 0
126, 1, -1
124, 1, 0
125, 1, 0
125, 1, 0
138, 1, -1
111, 1, 0
125, 1, 0
126, 1, 0
124, 1, -1
124, 1, 0
125, 1, 0
127, 1, 0
123, 1, 0
124, 1, -1
145, 1, 0
105, 1, 0
129, 1, 0
123, 1, -1
125, 1, 0
137, 1, 0
117, 1, 0
127, 1, 0
120, 1, -1
124, 1, 0
129, 1, 0
123, 1, 0
141, 1, 0
122, 1, 0
113, 1, -1
125, 1, 0
125, 1, 0
124, 1, 0
125, 1, 0
124, 1, -1
254, 2, 0
265, 1, 0
121, 1, -1
115, 1, 0
129, 1, 0
116, 1, 0
125, 1, 0
125, 1, -1
125, 1, 0
125, 1, 0
249, 1, -1
127, 1, 0
124, 1, 0
125, 1, 0
125, 1, 0
127, 1, 0
122, 1, 0
126, 1, -1
127, 1, 0
249, 1, 0
126, 1, 0
124, 1, -1
125, 1, 0
249, 1, 0
127, 1, 0
125, 1, 0
124, 1, -1
126, 1, 0
125, 1, 0
124, 1, 0
250, 1, -1
126, 1, 0
125, 1, 0
250, 1, 0
128, 1, 0
123, 1, -1
123, 1, 0
250, 1, 0
127, 1, 0
124, 1, 0
124, 1, -1
249, 1, 0
126, 1, 0
125, 1, 0
250, 1, -1
125, 1, 0
126, 1, 0
249, 1, 0
126, 1, 0
125, 1, 0
250, 1, -1
249, 1, 0
125, 1, 0
125, 1, 0
254, 1, 0
122, 1, -1
251, 1, 0
247, 1, 0
125, 1, 0
129, 1, 0
122, 0, -1
124, 1, 0
126, 1, 0
328, 1, 0
172, 1, 0
125, 1, -1
252, 1, 0
123, 1, 0
252, 1, 0
124, 1, 0
248, 1, 0
125, 0, -1
125, 1, 0
250, 1, 0
125, 1, 0
249, 1, 0
250, 1, -1
251, 1, 0
125, 1, 0
250, 1, 0
250, 1, 0
251, 0, -1
126, 1, 0
123, 1, 0
250, 1, 0
251, 1, 0
375, 1, -1
124, 1, 0
375, 1, 0
250, 1, 0
250, 1, 0
250, 1, -1
250, 1, 0
251, 1, 0
379, 1, 0
251, 1, 0
121, 0, -1
248, 1, 0
262, 1, 0
363, 1, 0
375, 1, 0
125, 0, -1
249, 1, 0
251, 1, 0
378, 1, 0
374, 1, 0
374, 1, 0
249, 0, -1
125, 1, 0
505, 1, 0
498, 1, 0
371, 1, 0
125, 0, -1
375, 1, 0
500, 1, 0
625, 1, 0
630, 1, -1
623, 1, 0
875, 1, 0
874, 0, -1
124, 1, 0
1124, 1, 0
2127, 1, 0
2011, 0, -1
17373, -1, 0
1991, -1, 0
1786, -1, 0
1837, -1, 0
668, 0, -1
872, -1, 0
1630, -1, 0
1504, -1, 0
1371, -1, 0
1617, -1, 0
627, 0, -1
711, -1, 0
1251, -1, 0
1304, -1, 0
1321, -1, 0
1537, -1, 0
1000, 0, -1
337, -1, 0
1544, -1, 0
1374, -1, 0
1746, -1, 0
1624, -1, 0
2135, -1, 0
2996, -1, 0
3959, -1, 0
31538, 0, -1
4262, -1, 0
625, 0, -1
2851, 0, -1
2621, 0, -1
2404, 0, -1
1750, 0, -1
2095, 0, -1
496, -1, 0
1913, 0, -1
1494, 0, -1
1624, -1, 0
629, 0, -1
1751, 0, -1
996, -1, 0
215, 0, -1
1787, 0, -1
590, -1, 0
873, 0, -1
1253, -1, 0
247, 0, -1
1500, 0, -1
250, -1, 0
1002, 0, -1
1032, -1, 0
216, 0, -1
1000, -1, 0
501, 0, -1
1126, -1, 0
248, 0, -1
1377, -1, -1
1375, -1, -1
1409, 0, -1
91, -1, 0
1261, -1, 0
234, 0, -1
1127, -1, 0
126, 0, -1
1159, -1, 0
216, 0, -1
787, -1, 0
713, 0, -1
786, -1, 0
843, 0, -1
377, -1, 0
878, 0, -1
115, -1, 0
1256, 0, -1
244, -1, 0
1163, -1, 0
106, 0, -1
1019, -1, 0
212, 0, -1
1162, -1, 0
467, 0, -1
770, -1, 0
727, 0, -1
496, -1, 0
791, 0, -1
334, -1, 0
1127, 0, -1
249, -1, 0
1167, -1, 0
82, 0, -1
1161, -1, 0
338, 0, -1
918, -1, 0
746, 0, -1
462, -1, 0
757, 0, -1
495, -1, 0
996, 0, -1
249, -1, 0
1292, -1, 0
208, 0, -1
886, -1, 0
629, 0, -1
747, -1, 0
912, 0, -1
332, -1, 0
1124, -1, 0
125, 0, -1
1125, -1, 0
749, 0, -1
625, -1, 0
1411, -1, -1
1127, -1, 0
626, 0, -1
709, -1, 0
1416, -1, 0
83, 0, -1
1138, -1, 0
1244, -1, -1
1372, -1, 0
1100, 0, -1
289, -1, 0
1119, -1, 0
1370, 0, -1
119, -1, 0
1365, -1, 0
1248, -1, 0
132, 0, -1
1407, -1, 0
1363, -1, 0
626, 0, -1
848, -1, 0
1503, -1, 0
1745, -1, 0
125, 0, -1
1604, -1, 0
1623, -1, 0
1664, 0, -1
239, -1, 0
1744, -1, 0
2162, -1, 0
2468, -1, 0
1282, 0, -1
1502, -1, 0
3022, -1, 0
3353, -1, 0
3765, -1, 0
5123, 0, -1
199, -1, 0
5683, -1, 0
9001, -1, 0
29894, -1, 0
13610, -1, 0
4364, -1, 0
3007, -1, 0
645, 0, -1
1977, -1, 0
2220, -1, 0
2116, -1, 0
2259, -1, 0
1903, -1, 0
2124, -1, 0
2125, 0, -1
216, -1, 0
2246, -1, 0
2042, -1, 0
2600, -1, 0
2612, -1, 0
3123, -1, 0
3755, -1, 0
3121, 0, -1
1382, -1, 0
7909, -1, 0
4089, 0, 0
89412, 0, 0
